ReportID:,2200,DataYear:,2012,(Wide),ReportID:,2200,DataYear:,2012,(Wide),ReportID:,2200,DataYear:,2012,(Wide),ReportID:,2200,DataYear:,2012,(Wide),ReportID:,2200,DataYear:,2012,(Wide),ReportID:,2200,DataYear:,2012,(Wide),ReportID:,2200,DataYear:,2012,(Wide),ReportID:,2200,DataYear:,2012,(Wide),ReportID:,2200,DataYear:,2012,(Wide),ReportID:,2200,DataYear:,2012,(Wide),ReportID:,2200,DataYear:,2012,(Wide),ReportID:,2200,DataYear:,2012,Prepared,8/6/2013
Daily Vehicle Miles Traveled (DVMT) by Maintenance Jurisdiction,,,,,,,,,,,,,,,,,,,,,,,,,,,,,,,,,,,,,,,,,,,,,,,,,,,,,,,,,,,,
"Public Road Segments Maintained by the Commonwealth of Virginia (VDOT), Virginia Local Jurisdictions, the Federal Government or Local Toll Authorities",,,,,,,,,,,,,,,,,,,,,,,,,,,,,,,,,,,,,,,,,,,,,,,,,,,,,,,,,,,,
"> > > > This report includes road segments maintained by VDOT, but outside of Virginia so it is not expected to match Virginia Public Road reports from sources such as FHWA or DMV < < < < ",,,,,,,,,,,,,,,,,,,,,,,,,,,,,,,,,,,,,,,,,,,,,,,,,,,,,,,,,,,,
Road Length values temporarilly not included in this report pending publication of official road length values,,,,,,,,,,,,,,,,,,,,,,,,,,,,,,,,,,,,,,,,,,,,,,,,,,,,,,,,,,,,
2012,,,,,,,,,,,,,,,,,,,,,,,,,,,,,,,,,,,,,,,,,,,,,,,,,,,,,,,,,,,,
,,,,,,,,,,,,,,,,,,,,,,,,,,,,,,,,,,,,,,,,,,,,,,,,,,,,,,,,,,,,
,,,,,,,,,VDOT Secondary,,,,,,VDOT Primary,,,,,,VDOT Interstate,,,,,,County Secondary,,,,,,Urban Secondary,,,,,,Urban Primary,,,,,,Other Secondary,,,,,,Other Primary,,,,,,All Roads,,,
,,,,,,,,,,,,,%,%,,,,,%,%,,,,,%,%,,,,,%,%,,,,,%,%,,,,,%,%,,,,,%,%,,,,,%,%,,,,%
,,,,,,,,,,%,%,,of,of,,%,%,,of,of,,%,%,,of,of,,%,%,,of,of,,%,%,,of,of,,%,%,,of,of,,%,%,,of,of,,%,%,,of,of,,%,,of
,,,,,,,,,,of,of,,Secondary,State,,of,of,,Primary,State,,of,of,,Interstate,State,,of,of,,Secondary,State,,of,of,,Secondary,State,,of,of,,Primary,State,,of,of,,Secondary,State,,of,of,,Primary,State,,of,,State
,,,,,,,,,,Secondary,State,Road,Total,Total,,Primary,State,Road,Total,Total,,Interstate,State,Road,Total,Total,,Secondary,State,Road,Total,Total,,Secondary,State,Road,Total,Total,,Primary,State,Road,Total,Total,,Secondary,State,Road,Total,Total,,Primary,State,Road,Total,Total,,State,Road,Total
,,,,,,,,,,Total,Total,Length,Road,Road,,Total,Total,Length,Road,Road,,Total,Total,Length,Road,Road,,Total,Total,Length,Road,Road,,Total,Total,Length,Road,Road,,Total,Total,Length,Road,Road,,Total,Total,Length,Road,Road,,Total,Total,Length,Road,Road,,Total,Length,Road
,,Jurisdiction,,,,,,,DVMT,VMT,VMT,(Miles),Length,Length,DVMT,VMT,VMT,(Miles),Length,Length,DVMT,VMT,VMT,(Miles),Length,Length,DVMT,VMT,VMT,(Miles),Length,Length,DVMT,VMT,VMT,(Miles),Length,Length,DVMT,VMT,VMT,(Miles),Length,Length,DVMT,VMT,VMT,(Miles),Length,Length,DVMT,VMT,VMT,(Miles),Length,Length,DVMT,VMT,(Miles),Length
,,,,,,,,,,,,,,,,,,,,,,,,,,,,,,,,,,,,,,,,,,,,,,,,,,,,,,,,,,,,
1,Southwestern Region,005,Amherst County,,,,,              ,200,041,0.52%,0.09%,,,,733,850,1.07%,0.33%,,,,,,,,,,,,,,,,,,,,,,,,,,,,,,,,,,,,,,,,933,890,0.42%,,
1,Southwestern Region,006,Appomattox County,,,,,              ,132,730,0.35%,0.06%,,,,324,768,0.47%,0.15%,,,,,,,,,,,,,,,,,,,,,,,,,,,,,,,,,,,,,,,,457,499,0.21%,,
1,Southwestern Region,009,Bedford County,,,,,              ,611,056,1.59%,0.28%,,,,1,075,559,1.56%,0.49%,,,,,,,,,,,,,,,,,,,,,,,,,,,,,,,,,,,,,,,,1,686,614,0.76%,,
1,Southwestern Region,010,Bland County,,,,,              ,66,272,0.17%,0.03%,,,,66,040,0.10%,0.03%,,,,583,027,0.88%,0.26%,,,,,,,,,,,,,,,,,,,,,,,,,,,,,,,,,,715,339,0.32%,,
1,Southwestern Region,011,Botetourt County,,,,,              ,238,868,0.62%,0.11%,,,,634,667,0.92%,0.29%,,,,1,001,912,1.52%,0.45%,,,,,,,,,,,,,,,,,,,,,,,,,,,,,,,,,,1,875,447,0.85%,,
1,Southwestern Region,013,Buchanan County,,,,,              ,276,645,0.72%,0.13%,,,,342,840,0.50%,0.16%,,,,,,,,,,,,,,,,,,,,,,,,,,,,,,,,,,,,,,,,619,485,0.28%,,
1,Southwestern Region,014,Buckingham County,,,,,              ,143,175,0.37%,0.06%,,,,278,857,0.41%,0.13%,,,,,,,,,,,,,,,,,,,,,,,,,,,,,,,,,,,,,,,,422,033,0.19%,,
1,Southwestern Region,015,Campbell County,,,,,              ,489,238,1.27%,0.22%,,,,1,323,914,1.93%,0.60%,,,,,,,,,,,,,,,,,,,,,,,,,,,,,,,,,,,,,,,,1,813,152,0.82%,,
1,Southwestern Region,017,Carroll County,,,,,              ,258,849,0.67%,0.12%,,,,365,205,0.53%,0.17%,,,,864,594,1.31%,0.39%,,,,,,,,,,,,,,,,,,,,,,,,,,,,,,,,,,1,488,647,0.67%,,
1,Southwestern Region,019,Charlotte County,,,,,              ,108,489,0.28%,0.05%,,,,274,293,0.40%,0.12%,,,,,,,,,,,,,,,,,,,,,,,,,,,,,,,,,,,,,,,,382,783,0.17%,,
1,Southwestern Region,022,Craig County,,,,,              ,36,300,0.09%,0.02%,,,,64,208,0.09%,0.03%,,,,,,,,,,,,,,,,,,,,,,,,,,,,,,,,,,,,,,,,100,508,0.05%,,
1,Southwestern Region,024,Cumberland County,,,,,              ,77,856,0.20%,0.04%,,,,140,567,0.20%,0.06%,,,,,,,,,,,,,,,,,,,,,,,,,,,,,,,,,,,,,,,,218,423,0.10%,,
1,Southwestern Region,025,Dickenson County,,,,,              ,133,221,0.35%,0.06%,,,,182,163,0.26%,0.08%,,,,,,,,,,,,,,,,,,,,,,,,,,,,,,,,,,,,,,,,315,384,0.14%,,
1,Southwestern Region,031,Floyd County,,,,,              ,138,891,0.36%,0.06%,,,,175,657,0.26%,0.08%,,,,,,,,,,,,,,,,,,,,,,,,,,,,,,,,,,,,,,,,314,548,0.14%,,
1,Southwestern Region,033,Franklin County,,,,,              ,572,520,1.49%,0.26%,,,,803,957,1.17%,0.36%,,,,,,,,,,,,,,,,,,,,,,,,,,,,,,,,,,,,,,,,1,376,477,0.62%,,
1,Southwestern Region,035,Giles County,,,,,              ,68,454,0.18%,0.03%,,,,450,482,0.66%,0.20%,,,,,,,,,,,,,,,,,,,,,,,,,,,,,,,,,,,,,,,,518,936,0.23%,,
1,Southwestern Region,038,Grayson County,,,,,              ,103,701,0.27%,0.05%,,,,189,803,0.28%,0.09%,,,,,,,,,,,,,,,,,,,,,,,,,,,,,,,,,,,,,,,,293,505,0.13%,,
1,Southwestern Region,041,Halifax County,,,,,              ,270,665,0.70%,0.12%,,,,595,694,0.87%,0.27%,,,,,,,,,,,,,,,,,,,,,,,,,,,,,,,,,,,,,,,,866,359,0.39%,,
1,Southwestern Region,044,Henry County,,,,,              ,440,847,1.15%,0.20%,,,,1,006,999,1.46%,0.46%,,,,,,,,,,,,,,,,,,,,,,,,,,,,,,,,,,,,,,,,1,447,846,0.66%,,
1,Southwestern Region,052,Lee County,,,,,              ,136,854,0.36%,0.06%,,,,428,017,0.62%,0.19%,,,,,,,,,,,,,,,,,,,,,,,,,,,,,,,,,,,,,,,,564,872,0.26%,,
1,Southwestern Region,060,Montgomery County,,,,,              ,294,182,0.77%,0.13%,,,,826,605,1.20%,0.37%,,,,1,124,059,1.70%,0.51%,,,,,,,,,,,,,,,,,,,,,,,,,,,,,,,,,,2,244,845,1.02%,,
1,Southwestern Region,062,Nelson County,,,,,              ,93,972,0.24%,0.04%,,,,489,573,0.71%,0.22%,,,,,,,,,,,,,,,,,,,,,,,,,,,,,,,,,,,,,,,,583,545,0.26%,,
1,Southwestern Region,070,Patrick County,,,,,              ,165,122,0.43%,0.07%,,,,244,377,0.36%,0.11%,,,,,,,,,,,,,,,,,,,,,,,,,,,,,,,,,,,,,,,,409,500,0.19%,,
1,Southwestern Region,071,Pittsylvania County,,,,,              ,656,116,1.71%,0.30%,,,,1,217,170,1.77%,0.55%,,,,,,,,,,,,,,,,,,,,,,,,,,,,,,,,,,,,,,,,1,873,286,0.85%,,
1,Southwestern Region,073,Prince Edward County,,,,,              ,125,268,0.33%,0.06%,,,,433,766,0.63%,0.20%,,,,,,,,,,,,,,,,,,,,,,,,,,,,,,,,,,,,,,,,559,034,0.25%,,
1,Southwestern Region,077,Pulaski County,,,,,              ,211,543,0.55%,0.10%,,,,329,413,0.48%,0.15%,,,,670,998,1.02%,0.30%,,,,,,,,,,,,,,,,,,,,,,,,,,,,,,,,,,1,211,954,0.55%,,
1,Southwestern Region,080,Roanoke County,,,,,              ,438,317,1.14%,0.20%,,,,1,107,020,1.61%,0.50%,,,,1,344,183,2.03%,0.61%,,,,,,,,,,,,,,,,,,,,,,,,,,,,,,,,,,2,889,520,1.31%,,
1,Southwestern Region,083,Russell County,,,,,              ,174,856,0.46%,0.08%,,,,607,912,0.88%,0.28%,,,,,,,,,,,,,,,,,,,,,,,,,,,,,,,,,,,,,,,,782,768,0.35%,,
1,Southwestern Region,084,Scott County,,,,,              ,193,567,0.50%,0.09%,,,,536,910,0.78%,0.24%,,,,,,,,,,,,,,,,,,,,,,,,,,,,,,,,,,,,,,,,730,477,0.33%,,
1,Southwestern Region,086,Smyth County,,,,,              ,213,536,0.56%,0.10%,,,,183,195,0.27%,0.08%,,,,610,428,0.92%,0.28%,,,,,,,,,,,,,,,,,,,,,,,,,,,,,,,,,,1,007,159,0.46%,,
1,Southwestern Region,092,Tazewell County,,,,,              ,199,312,0.52%,0.09%,,,,709,991,1.03%,0.32%,,,,,,,,,,,,,,,,,,,,,,,,,,,,,,,,,,,,,,,,909,303,0.41%,,
1,Southwestern Region,095,Washington County,,,,,              ,399,261,1.04%,0.18%,,,,466,650,0.68%,0.21%,,,,1,316,143,1.99%,0.60%,,,,,,,,,,,,,,,,,,,,,,,,,,,,,,,,,,2,182,054,0.99%,,
1,Southwestern Region,097,Wise County,,,,,              ,279,761,0.73%,0.13%,,,,832,354,1.21%,0.38%,,,,,,,,,,,,,,,,,,,,,,,,,,,,,,,,,,,,,,,,1,112,115,0.50%,,
1,Southwestern Region,098,Wythe County,,,,,              ,167,685,0.44%,0.08%,,,,283,565,0.41%,0.13%,,,,1,441,928,2.18%,0.65%,,,,,,,,,,,,,,,,,,,,,,,,,,,,,,,,,,1,893,177,0.86%,,
1,Southwestern Region,140,Town of Abingdon,,,,,              ,,,,,,,,,,,,,,,,,,,,,,,,,44,092,0.23%,0.02%,,,,121,053,0.59%,0.05%,,,,,,,,,,,,,,,,165,144,0.07%,,
1,Southwestern Region,162,Town of Altavista,,,,,              ,,,,,,,,,,,,,,,,,,,,,,,,,22,042,0.12%,0.01%,,,,,,,,,,,,,,,,,,,,,,22,042,0.01%,,
1,Southwestern Region,141,City of Bedford,,,,,              ,,,,,,,,,,,,,,,,,,,,,,,,,21,071,0.11%,0.01%,,,,66,701,0.32%,0.03%,,,,,,,,,,,,,,,,87,772,0.04%,,
1,Southwestern Region,101,Town of Big Stone Gap,,,,,              ,,,,,,,,,,,,,,,,,,,,,,,,,29,512,0.16%,0.01%,,,,25,879,0.13%,0.01%,,,,,,,,,,,,,,,,55,391,0.03%,,
1,Southwestern Region,150,Town of Blacksburg,,,,,              ,,,,,,,,,,,,,,,,,,,,,,,,,161,893,0.86%,0.07%,,,,119,814,0.58%,0.05%,,,,,,,,,,,,,,,,281,706,0.13%,,
1,Southwestern Region,143,Town of Bluefield,,,,,              ,,,,,,,,,,,,,,,,,,,,,,,,,31,880,0.17%,0.01%,,,,38,107,0.19%,0.02%,,,,,,,,,,,,,,,,69,987,0.03%,,
1,Southwestern Region,102,City of Bristol,,,,,              ,,,,,,,,,,,,,,,,,,,,,,,,,130,086,0.69%,0.06%,,,,127,137,0.62%,0.06%,,,,,,,,,,,,,,,,257,223,0.12%,,
1,Southwestern Region,154,Town of Christiansburg,,,,,              ,,,,,,,,,,,,,,,,,,,,,,,,,113,423,0.60%,0.05%,,,,153,106,0.74%,0.07%,,,,,,,,,,,,,,,,266,528,0.12%,,
1,Southwestern Region,108,City of Danville,,,,,              ,,,,,,,,,,,,,,,,,,,,,,,,,253,569,1.34%,0.11%,,,,537,833,2.61%,0.24%,,,,,,,,,,,,,,,,791,402,0.36%,,
1,Southwestern Region,144,Town of Farmville,,,,,              ,,,,,,,,,,,,,,,,,,,,,,,,,33,125,0.18%,0.01%,,,,92,004,0.45%,0.04%,,,,,,,,,,,,,,,,125,128,0.06%,,
1,Southwestern Region,113,City of Galax,,,,,              ,,,,,,,,,,,,,,,,,,,,,,,,,62,086,0.33%,0.03%,,,,86,998,0.42%,0.04%,,,,,,,,,,,,,,,,149,084,0.07%,,
1,Southwestern Region,252,Town of Lebanon,,,,,              ,,,,,,,,,,,,,,,,,,,,,,,,,26,673,0.14%,0.01%,,,,39,454,0.19%,0.02%,,,,,,,,,,,,,,,,66,127,0.03%,,
1,Southwestern Region,118,City of Lynchburg,,,,,              ,,,,,,,,,,,,,,,,,,,,,,,,,504,944,2.67%,0.23%,,,,882,657,4.29%,0.40%,,,,,,,,,,,,,,,,1,387,601,0.63%,,
1,Southwestern Region,119,Town of Marion,,,,,              ,,,,,,,,,,,,,,,,,,,,,,,,,28,027,0.15%,0.01%,,,,51,572,0.25%,0.02%,,,,,,,,,,,,,,,,79,599,0.04%,,
1,Southwestern Region,120,City of Martinsville,,,,,              ,,,,,,,,,,,,,,,,,,,,,,,,,132,147,0.70%,0.06%,,,,111,459,0.54%,0.05%,,,,,,,,,,,,,,,,243,606,0.11%,,
1,Southwestern Region,266,Town of Narrows,,,,,              ,,,,,,,,,,,,,,,,,,,,,,,,,2,880,0.02%,0.00%,,,,,,,,,,,,,,,,,,,,,,2,880,0.00%,,
1,Southwestern Region,146,City of Norton,,,,,              ,,,,,,,,,,,,,,,,,,,,,,,,,30,514,0.16%,0.01%,,,,28,724,0.14%,0.01%,,,,,,,,,,,,,,,,59,239,0.03%,,
1,Southwestern Region,279,Town of Pearisburg,,,,,              ,,,,,,,,,,,,,,,,,,,,,,,,,14,150,0.07%,0.01%,,,,,,,,,,,,,,,,,,,,,,14,150,0.01%,,
1,Southwestern Region,125,Town of Pulaski,,,,,              ,,,,,,,,,,,,,,,,,,,,,,,,,89,602,0.47%,0.04%,,,,57,265,0.28%,0.03%,,,,,,,,,,,,,,,,146,867,0.07%,,
1,Southwestern Region,126,City of Radford,,,,,              ,,,,,,,,,,,,,,,,,,,,,,,,,118,660,0.63%,0.05%,,,,80,808,0.39%,0.04%,,,,,,,,,,,,,,,,199,467,0.09%,,
1,Southwestern Region,148,Town of Richlands,,,,,              ,,,,,,,,,,,,,,,,,,,,,,,,,40,485,0.21%,0.02%,,,,23,876,0.12%,0.01%,,,,,,,,,,,,,,,,64,361,0.03%,,
1,Southwestern Region,128,City of Roanoke,,,,,              ,,,,,,,,,,,,,,,,,,,,,,,,,766,466,4.06%,0.35%,,,,675,806,3.28%,0.31%,,,,,,,,,,,,,,,,1,442,272,0.65%,,
1,Southwestern Region,157,Town of Rocky Mount,,,,,              ,,,,,,,,,,,,,,,,,,,,,,,,,36,807,0.19%,0.02%,,,,65,923,0.32%,0.03%,,,,,,,,,,,,,,,,102,730,0.05%,,
1,Southwestern Region,129,City of Salem,,,,,              ,,,,,,,,,,,,,,,,,,,,,,,,,154,352,0.82%,0.07%,,,,268,681,1.31%,0.12%,,,,,,,,,,,,,,,,423,034,0.19%,,
1,Southwestern Region,295,Town of Saltville,,,,,              ,,,,,,,,,,,,,,,,,,,,,,,,,24,208,0.13%,0.01%,,,,,,,,,,,,,,,,,,,,,,24,208,0.01%,,
1,Southwestern Region,130,Town of South Boston,,,,,              ,,,,,,,,,,,,,,,,,,,,,,,,,40,411,0.21%,0.02%,,,,99,470,0.48%,0.05%,,,,,,,,,,,,,,,,139,881,0.06%,,
1,Southwestern Region,158,Town of Tazewell,,,,,              ,,,,,,,,,,,,,,,,,,,,,,,,,8,989,0.05%,0.00%,,,,49,116,0.24%,0.02%,,,,,,,,,,,,,,,,58,105,0.03%,,
1,Southwestern Region,149,Town of Vinton,,,,,              ,,,,,,,,,,,,,,,,,,,,,,,,,79,351,0.42%,0.04%,,,,47,421,0.23%,0.02%,,,,,,,,,,,,,,,,126,773,0.06%,,
1,Southwestern Region,329,Town of Wise,,,,,              ,,,,,,,,,,,,,,,,,,,,,,,,,29,154,0.15%,0.01%,,,,22,161,0.11%,0.01%,,,,,,,,,,,,,,,,51,315,0.02%,,
1,Southwestern Region,139,Town of Wytheville,,,,,              ,,,,,,,,,,,,,,,,,,,,,,,,,70,318,0.37%,0.03%,,,,59,035,0.29%,0.03%,,,,,,,,,,,,,,,,129,353,0.06%,,
1,Southwestern Region,,Southwestern Region Total:,,,,,,8,117,170,21.14%,3.67%,,,,17,726,042,25.78%,8.02%,,,,8,957,272,13.56%,4.05%,,,,,,,,,,3,100,915,16.42%,1.40%,,,,3,932,059,19.11%,1.78%,,,,,,,,,,,,,,,,41,833,458,18.94%,,
2,Central Region,004,Amelia County,,,,,              ,172,154,0.45%,0.08%,,,,320,095,0.47%,0.14%,,,,,,,,,,,,,,,,,,,,,,,,,,,,,,,,,,,,,,,,492,249,0.22%,,
2,Central Region,012,Brunswick County,,,,,              ,202,558,0.53%,0.09%,,,,317,840,0.46%,0.14%,,,,418,249,0.63%,0.19%,,,,,,,,,,,,,,,,,,,,,,,,,,,,,,,,,,938,647,0.42%,,
2,Central Region,016,Caroline County,,,,,              ,238,630,0.62%,0.11%,,,,557,781,0.81%,0.25%,,,,1,404,238,2.13%,0.64%,,,,,,,,,,,,,,,,,,,,,,,,,,,,,,,,,,2,200,648,1.00%,,
2,Central Region,018,Charles City County,,,,,              ,74,429,0.19%,0.03%,,,,99,059,0.14%,0.04%,,,,,,,,,,,,,,,,,,,,,,,,,,,,,,,,,,,,,,,,173,488,0.08%,,
2,Central Region,020,Chesterfield County,,,,,              ,2,604,594,6.78%,1.18%,,,,4,519,007,6.57%,2.05%,,,,1,999,704,3.03%,0.91%,,,,,,,,,,,,,,,,,,,,,,,,,,,,,,,,,,9,123,304,4.13%,,
2,Central Region,026,Dinwiddie County,,,,,              ,263,224,0.69%,0.12%,,,,383,848,0.56%,0.17%,,,,953,648,1.44%,0.43%,,,,,,,,,,,,,,,,,,,,,,,,,,,,,,,,,,1,600,720,0.72%,,
2,Central Region,028,Essex County,,,,,              ,105,502,0.27%,0.05%,,,,306,601,0.45%,0.14%,,,,,,,,,,,,,,,,,,,,,,,,,,,,,,,,,,,,,,,,412,102,0.19%,,
2,Central Region,036,Gloucester County,,,,,              ,252,165,0.66%,0.11%,,,,751,632,1.09%,0.34%,,,,,,,,,,,,,,,,,,,,,,,,,,,,,,,,,,,,,,,,1,003,797,0.45%,,
2,Central Region,037,Goochland County,,,,,              ,251,970,0.66%,0.11%,,,,580,791,0.84%,0.26%,,,,954,064,1.44%,0.43%,,,,,,,,,,,,,,,,,,,,,,,,,,,,,,,,,,1,786,826,0.81%,,
2,Central Region,042,Hanover County,,,,,              ,1,024,512,2.67%,0.46%,,,,805,873,1.17%,0.36%,,,,2,451,696,3.71%,1.11%,,,,,,,,,,,,,,,,,,,,,,,,,,,,,,,,,,4,282,081,1.94%,,
2,Central Region,043,Henrico County,,,,,              ,,,,,,,1,877,717,2.73%,0.85%,,,,4,771,450,7.22%,2.16%,,,,3,113,255,72.32%,1.41%,,,,,,,,,,,,,,,,,,,,,,,,,,,,9,762,422,4.42%,,
2,Central Region,049,King & Queen County,,,,,              ,67,045,0.17%,0.03%,,,,207,306,0.30%,0.09%,,,,,,,,,,,,,,,,,,,,,,,,,,,,,,,,,,,,,,,,274,351,0.12%,,
2,Central Region,048,King George County,,,,,              ,81,317,0.21%,0.04%,,,,717,720,1.04%,0.32%,,,,,,,,,,,,,,,,,,,,,,,,,,,,,,,,,,,,,,,,799,037,0.36%,,
2,Central Region,050,King William County,,,,,              ,113,471,0.30%,0.05%,,,,277,810,0.40%,0.13%,,,,,,,,,,,,,,,,,,,,,,,,,,,,,,,,,,,,,,,,391,281,0.18%,,
2,Central Region,051,Lancaster County,,,,,              ,96,273,0.25%,0.04%,,,,222,185,0.32%,0.10%,,,,,,,,,,,,,,,,,,,,,,,,,,,,,,,,,,,,,,,,318,458,0.14%,,
2,Central Region,055,Lunenburg County,,,,,              ,108,490,0.28%,0.05%,,,,140,298,0.20%,0.06%,,,,,,,,,,,,,,,,,,,,,,,,,,,,,,,,,,,,,,,,248,788,0.11%,,
2,Central Region,057,Mathews County,,,,,              ,44,602,0.12%,0.02%,,,,138,484,0.20%,0.06%,,,,,,,,,,,,,,,,,,,,,,,,,,,,,,,,,,,,,,,,183,086,0.08%,,
2,Central Region,058,Mecklenburg County,,,,,              ,213,888,0.56%,0.10%,,,,513,689,0.75%,0.23%,,,,432,054,0.65%,0.20%,,,,,,,,,,,,,,,,,,,,,,,,,,,,,,,,,,1,159,631,0.52%,,
2,Central Region,059,Middlesex County,,,,,              ,71,655,0.19%,0.03%,,,,264,825,0.39%,0.12%,,,,,,,,,,,,,,,,,,,,,,,,,,,,,,,,,,,,,,,,336,480,0.15%,,
2,Central Region,063,New Kent County,,,,,              ,108,810,0.28%,0.05%,,,,334,483,0.49%,0.15%,,,,1,200,608,1.82%,0.54%,,,,,,,,,,,,,,,,,,,,,,,,,,,,,,,,,,1,643,901,0.74%,,
2,Central Region,066,Northumberland County,,,,,              ,110,792,0.29%,0.05%,,,,204,263,0.30%,0.09%,,,,,,,,,,,,,,,,,,,,,,,,,,,,,,,,,,,,,,,,315,056,0.14%,,
2,Central Region,067,Nottoway County,,,,,              ,101,354,0.26%,0.05%,,,,351,422,0.51%,0.16%,,,,,,,,,,,,,,,,,,,,,,,,,,,,,,,,,,,,,,,,452,776,0.20%,,
2,Central Region,072,Powhatan County,,,,,              ,293,648,0.76%,0.13%,,,,540,471,0.79%,0.24%,,,,,,,,,,,,,,,,,,,,,,,,,,,,,,,,,,,,,,,,834,119,0.38%,,
2,Central Region,074,Prince George County,,,,,              ,237,438,0.62%,0.11%,,,,508,554,0.74%,0.23%,,,,940,184,1.42%,0.43%,,,,,,,,,,,,,,,,,,,,,,,,,,,,,,,,,,1,686,177,0.76%,,
2,Central Region,079,Richmond County,,,,,              ,69,600,0.18%,0.03%,,,,243,994,0.35%,0.11%,,,,,,,,,,,,,,,,,,,,,,,,,,,,,,,,,,,,,,,,313,594,0.14%,,
2,Central Region,088,Spotsylvania County,,,,,              ,1,025,956,2.67%,0.46%,,,,1,143,827,1.66%,0.52%,,,,1,665,811,2.52%,0.75%,,,,,,,,,,,,,,,,,,,,,,,,,,,,,,,,,,3,835,593,1.74%,,
2,Central Region,089,Stafford County,,,,,              ,1,108,228,2.89%,0.50%,,,,879,529,1.28%,0.40%,,,,2,160,748,3.27%,0.98%,,,,,,,,,,,,,,,,,,,,,,,,,,,,,,,,,,4,148,504,1.88%,,
2,Central Region,096,Westmoreland County,,,,,              ,140,850,0.37%,0.06%,,,,258,853,0.38%,0.12%,,,,,,,,,,,,,,,,,,,,,,,,,,,,,,,,,,,,,,,,399,703,0.18%,,
2,Central Region,166,Town of Ashland,,,,,              ,,,,,,,,,,,,,,,,,,,,,,,,,29,114,0.15%,0.01%,,,,89,117,0.43%,0.04%,,,,,,,,,,,,,,,,118,231,0.05%,,
2,Central Region,142,Town of Blackstone,,,,,              ,,,,,,,,,,,,,,,,,,,,,,,,,18,401,0.10%,0.01%,,,,28,433,0.14%,0.01%,,,,,,,,,,,,,,,,46,833,0.02%,,
2,Central Region,186,Town of Chase City,,,,,              ,,,,,,,,,,,,,,,,,,,,,,,,,5,117,0.03%,0.00%,,,,,,,,,,,,,,,,,,,,,,5,117,0.00%,,
2,Central Region,106,City of Colonial Heights,,,,,              ,,,,,,,,,,,,,,,,,,,,,,,,,131,392,0.70%,0.06%,,,,122,451,0.60%,0.06%,,,,,,,,,,,,,,,,253,843,0.11%,,
2,Central Region,111,City of Fredericksburg,,,,,              ,,,,,,,,,,,,,,,,,,,,,,,,,158,885,0.84%,0.07%,,,,353,552,1.72%,0.16%,,,,,,,,,,,,,,,,512,438,0.23%,,
2,Central Region,116,City of Hopewell,,,,,              ,,,,,,,,,,,,,,,,,,,,,,,,,106,799,0.57%,0.05%,,,,123,006,0.60%,0.06%,,,,,,,,,,,,,,,,229,806,0.10%,,
2,Central Region,123,City of Petersburg,,,,,              ,,,,,,,,,,,,,,,,,,,,,,,,,224,668,1.19%,0.10%,,,,234,802,1.14%,0.11%,,,,,,,,,,,,,,,,459,470,0.21%,,
2,Central Region,127,City of Richmond,,,,,              ,,,,,,,,,,,,,,,,,,,,,,,,,1,550,163,8.21%,0.70%,,,,1,246,239,6.06%,0.56%,,,,,,,,,,,,,,,,2,796,402,1.27%,,
2,Central Region,301,Town of South Hill,,,,,              ,,,,,,,,,,,,,,,,,,,,,,,,,26,671,0.14%,0.01%,,,,52,327,0.25%,0.02%,,,,,,,,,,,,,,,,78,998,0.04%,,
2,Central Region,,Central Region Total:,,,,,,9,183,154,23.91%,4.16%,,,,17,467,956,25.40%,7.91%,,,,19,352,454,29.29%,8.76%,,,,3,113,255,72.32%,1.41%,,,,2,251,211,11.92%,1.02%,,,,2,249,926,10.93%,1.02%,,,,,,,,,,,,,,,,53,617,956,24.27%,,
3,Eastern Region,001,Accomack County,,,,,              ,262,204,0.68%,0.12%,,,,865,264,1.26%,0.39%,,,,,,,,,,,,,,,,,,,,,,,,,,,,,,,,,,,,,,,,1,127,468,0.51%,,
3,Eastern Region,040,Greensville County,,,,,              ,114,649,0.30%,0.05%,,,,177,483,0.26%,0.08%,,,,627,808,0.95%,0.28%,,,,,,,,,,,,,,,,,,,,,,,,,,,,,,,,,,919,939,0.42%,,
3,Eastern Region,046,Isle of Wight County,,,,,              ,297,077,0.77%,0.13%,,,,833,495,1.21%,0.38%,,,,,,,,,,,,,,,,,,,,,,,,,,,,,,,,,,,,,,,,1,130,572,0.51%,,
3,Eastern Region,047,James City County,,,,,              ,316,786,0.82%,0.14%,,,,744,155,1.08%,0.34%,,,,508,781,0.77%,0.23%,,,,,,,,,,,,,,,,,,,,,,,,,,,,,,,,,,1,569,722,0.71%,,
3,Eastern Region,061,Nansemond Maintenance Area,,,,,              ,,,,,,,38,747,0.06%,0.02%,,,,345,969,0.52%,0.16%,,,,,,,,,,,,,,,,,,,,,,,,,,,,,,,,,,384,717,0.17%,,
3,Eastern Region,064,Norfolk Maintenance Area,,,,,              ,,,,,,,616,651,0.90%,0.28%,,,,4,956,622,7.50%,2.24%,,,,,,,,,,,,,,,,,,,,,,,,,,,,,,,,,,5,573,273,2.52%,,
3,Eastern Region,065,Northampton County,,,,,              ,95,831,0.25%,0.04%,,,,441,028,0.64%,0.20%,,,,,,,,,,,,,,,,,,,,,,,,,,,,,,,,,,,,,,,,536,859,0.24%,,
3,Eastern Region,075,Princess Anne Maintenance Area,,,,,              ,,,,,,,,,,,,,1,743,267,2.64%,0.79%,,,,,,,,,,,,,,,,,,,,,,,,,,,,,,,,,,1,743,267,0.79%,,
3,Eastern Region,087,Southampton County,,,,,              ,260,489,0.68%,0.12%,,,,739,807,1.08%,0.33%,,,,,,,,,,,,,,,,,,,,,,,,,,,,,,,,,,,,,,,,1,000,296,0.45%,,
3,Eastern Region,090,Surry County,,,,,              ,57,821,0.15%,0.03%,,,,117,444,0.17%,0.05%,,,,,,,,,,,,,,,,,,,,,,,,,,,,,,,,,,,,,,,,175,265,0.08%,,
3,Eastern Region,091,Sussex County,,,,,              ,96,623,0.25%,0.04%,,,,329,375,0.48%,0.15%,,,,580,887,0.88%,0.26%,,,,,,,,,,,,,,,,,,,,,,,,,,,,,,,,,,1,006,885,0.46%,,
3,Eastern Region,099,York County,,,,,              ,382,148,1.00%,0.17%,,,,940,272,1.37%,0.43%,,,,4,219,792,6.39%,1.91%,,,,,,,,,,,,,,,,,,,,,,,,,,,,,,,,,,5,542,211,2.51%,,
3,Eastern Region,131,City of Chesapeake,,,,,              ,,,,,,,,,,,,,,,,,,,,,,,,,1,822,033,9.65%,0.82%,,,,2,041,286,9.92%,0.92%,,,,,,,,,,,,,,,,3,863,319,1.75%,,
3,Eastern Region,190,Town of Chincoteague,,,,,              ,,,,,,,,,,,,,,,,,,,,,,,,,47,279,0.25%,0.02%,,,,,,,,,,,,,,,,,,,,,,47,279,0.02%,,
3,Eastern Region,109,City of Emporia,,,,,              ,,,,,,,,,,,,,,,,,,,,,,,,,41,589,0.22%,0.02%,,,,37,443,0.18%,0.02%,,,,,,,,,,,,,,,,79,032,0.04%,,
3,Eastern Region,145,City of Franklin,,,,,              ,,,,,,,,,,,,,,,,,,,,,,,,,67,513,0.36%,0.03%,,,,22,411,0.11%,0.01%,,,,,,,,,,,,,,,,89,924,0.04%,,
3,Eastern Region,114,City of Hampton,,,,,              ,,,,,,,,,,,,,,,,,,,,,,,,,1,250,423,6.62%,0.57%,,,,862,158,4.19%,0.39%,,,,,,,,,,,,,,,,2,112,580,0.96%,,
3,Eastern Region,121,City of Newport News,,,,,              ,,,,,,,,,,,,,,,,,,,,,,,,,955,356,5.06%,0.43%,,,,1,628,157,7.91%,0.74%,,,,,,,,,,,,,,,,2,583,513,1.17%,,
3,Eastern Region,122,City of Norfolk,,,,,              ,,,,,,,,,,,,,,,,,,,,,,,,,855,199,4.53%,0.39%,,,,1,872,391,9.10%,0.85%,,,,,,,,,,,,,,,,2,727,590,1.23%,,
3,Eastern Region,147,City of Poquoson,,,,,              ,,,,,,,,,,,,,,,,,,,,,,,,,64,293,0.34%,0.03%,,,,55,505,0.27%,0.03%,,,,,,,,,,,,,,,,119,799,0.05%,,
3,Eastern Region,124,City of Portsmouth,,,,,              ,,,,,,,,,,,,,,,,,,,,,,,,,486,786,2.58%,0.22%,,,,491,695,2.39%,0.22%,,,,,,,,,,,,,,,,978,481,0.44%,,
3,Eastern Region,300,Town of Smithfield,,,,,              ,,,,,,,,,,,,,,,,,,,,,,,,,56,937,0.30%,0.03%,,,,,,,,,,,,,,,,,,,,,,56,937,0.03%,,
3,Eastern Region,133,City of Suffolk,,,,,              ,,,,,,,,,,,,,,,,,,,,,,,,,539,196,2.86%,0.24%,,,,1,873,309,9.10%,0.85%,,,,,,,,,,,,,,,,2,412,505,1.09%,,
3,Eastern Region,134,City of Virginia Beach,,,,,              ,,,,,,,,,,,,,,,,,,,,,,,,,3,750,389,19.86%,1.70%,,,,2,147,483,10.44%,0.97%,,,,,,,,,,,,,,,,5,897,872,2.67%,,
3,Eastern Region,137,City of Williamsburg,,,,,              ,,,,,,,,,,,,,,,,,,,,,,,,,87,356,0.46%,0.04%,,,,123,993,0.60%,0.06%,,,,,,,,,,,,,,,,211,349,0.10%,,
3,Eastern Region,,Eastern Region Total:,,,,,,1,883,626,4.90%,0.85%,,,,5,843,722,8.50%,2.65%,,,,12,983,126,19.65%,5.88%,,,,,,,,,,10,024,349,53.09%,4.54%,,,,11,155,831,54.22%,5.05%,,,,,,,,,,,,,,,,41,890,655,18.96%,,
4,Northwestern Region,002,Albemarle County,,,,,              ,904,025,2.35%,0.41%,,,,1,568,648,2.28%,0.71%,,,,1,152,518,1.74%,0.52%,,,,,,,,,,,,,,,,,,,,,,,,,,,,,,,,,,3,625,192,1.64%,,
4,Northwestern Region,003,Alleghany County,,,,,              ,102,099,0.27%,0.05%,,,,123,443,0.18%,0.06%,,,,445,275,0.67%,0.20%,,,,,,,,,,,,,,,,,,,,,,,,,,,,,,,,,,670,817,0.30%,,
4,Northwestern Region,007,Augusta County,,,,,              ,595,034,1.55%,0.27%,,,,886,495,1.29%,0.40%,,,,1,891,897,2.86%,0.86%,,,,,,,,,,,,,,,,,,,,,,,,,,,,,,,,,,3,373,426,1.53%,,
4,Northwestern Region,008,Bath County,,,,,              ,43,118,0.11%,0.02%,,,,88,465,0.13%,0.04%,,,,,,,,,,,,,,,,,,,,,,,,,,,,,,,,,,,,,,,,131,583,0.06%,,
4,Northwestern Region,021,Clarke County,,,,,              ,126,128,0.33%,0.06%,,,,602,988,0.88%,0.27%,,,,,,,,,,,,,,,,,,,,,,,,,,,,,,,,,,,,,,,,729,116,0.33%,,
4,Northwestern Region,023,Culpeper County,,,,,              ,283,993,0.74%,0.13%,,,,865,411,1.26%,0.39%,,,,,,,,,,,,,,,,,,,,,,,,,,,,,,,,,,,,,,,,1,149,405,0.52%,,
4,Northwestern Region,030,Fauquier County,,,,,              ,604,512,1.57%,0.27%,,,,1,680,946,2.44%,0.76%,,,,847,997,1.28%,0.38%,,,,,,,,,,,,,,,,,,,,,,,,,,,,,,,,,,3,133,455,1.42%,,
4,Northwestern Region,032,Fluvanna County,,,,,              ,185,408,0.48%,0.08%,,,,219,256,0.32%,0.10%,,,,,,,,,,,,,,,,,,,,,,,,,,,,,,,,,,,,,,,,404,664,0.18%,,
4,Northwestern Region,034,Frederick County,,,,,              ,599,718,1.56%,0.27%,,,,1,250,867,1.82%,0.57%,,,,1,221,090,1.85%,0.55%,,,,,,,,,,,,,,,,,,,,,,,,,,,,,,,,,,3,071,676,1.39%,,
4,Northwestern Region,039,Greene County,,,,,              ,120,477,0.31%,0.05%,,,,304,165,0.44%,0.14%,,,,,,,,,,,,,,,,,,,,,,,,,,,,,,,,,,,,,,,,424,643,0.19%,,
4,Northwestern Region,045,Highland County,,,,,              ,22,174,0.06%,0.01%,,,,46,030,0.07%,0.02%,,,,,,,,,,,,,,,,,,,,,,,,,,,,,,,,,,,,,,,,68,204,0.03%,,
4,Northwestern Region,054,Louisa County,,,,,              ,308,557,0.80%,0.14%,,,,486,110,0.71%,0.22%,,,,501,261,0.76%,0.23%,,,,,,,,,,,,,,,,,,,,,,,,,,,,,,,,,,1,295,928,0.59%,,
4,Northwestern Region,056,Madison County,,,,,              ,95,067,0.25%,0.04%,,,,392,590,0.57%,0.18%,,,,,,,,,,,,,,,,,,,,,,,,,,,,,,,,,,,,,,,,487,657,0.22%,,
4,Northwestern Region,068,Orange County,,,,,              ,185,099,0.48%,0.08%,,,,511,754,0.74%,0.23%,,,,,,,,,,,,,,,,,,,,,,,,,,,,,,,,,,,,,,,,696,853,0.32%,,
4,Northwestern Region,069,Page County,,,,,              ,128,921,0.34%,0.06%,,,,274,772,0.40%,0.12%,,,,,,,,,,,,,,,,,,,,,,,,,,,,,,,,,,,,,,,,403,694,0.18%,,
4,Northwestern Region,078,Rappahannock County,,,,,              ,56,189,0.15%,0.03%,,,,221,058,0.32%,0.10%,,,,,,,,,,,,,,,,,,,,,,,,,,,,,,,,,,,,,,,,277,246,0.13%,,
4,Northwestern Region,081,Rockbridge County,,,,,              ,175,195,0.46%,0.08%,,,,310,939,0.45%,0.14%,,,,1,283,602,1.94%,0.58%,,,,,,,,,,,,,,,,,,,,,,,,,,,,,,,,,,1,769,735,0.80%,,
4,Northwestern Region,082,Rockingham County,,,,,              ,539,001,1.40%,0.24%,,,,1,029,052,1.50%,0.47%,,,,1,242,365,1.88%,0.56%,,,,,,,,,,,,,,,,,,,,,,,,,,,,,,,,,,2,810,418,1.27%,,
4,Northwestern Region,085,Shenandoah County,,,,,              ,234,048,0.61%,0.11%,,,,409,253,0.60%,0.19%,,,,1,481,031,2.24%,0.67%,,,,,,,,,,,,,,,,,,,,,,,,,,,,,,,,,,2,124,332,0.96%,,
4,Northwestern Region,093,Warren County,,,,,              ,153,116,0.40%,0.07%,,,,353,711,0.51%,0.16%,,,,446,615,0.68%,0.20%,,,,,,,,,,,,,,,,,,,,,,,,,,,,,,,,,,953,442,0.43%,,
4,Northwestern Region,176,Town of Bridgewater,,,,,              ,,,,,,,,,,,,,,,,,,,,,,,,,40,352,0.21%,0.02%,,,,46,560,0.23%,0.02%,,,,,,,,,,,,,,,,86,912,0.04%,,
4,Northwestern Region,103,City of Buena Vista,,,,,              ,,,,,,,,,,,,,,,,,,,,,,,,,22,396,0.12%,0.01%,,,,34,502,0.17%,0.02%,,,,,,,,,,,,,,,,56,898,0.03%,,
4,Northwestern Region,104,City of Charlottesville,,,,,              ,,,,,,,,,,,,,,,,,,,,,,,,,290,444,1.54%,0.13%,,,,280,887,1.37%,0.13%,,,,,,,,,,,,,,,,571,331,0.26%,,
4,Northwestern Region,105,Town of Clifton Forge,,,,,              ,,,,,,,,,,,,,,,,,,,,,,,,,17,509,0.09%,0.01%,,,,18,793,0.09%,0.01%,,,,,,,,,,,,,,,,36,302,0.02%,,
4,Northwestern Region,107,City of Covington,,,,,              ,,,,,,,,,,,,,,,,,,,,,,,,,21,741,0.12%,0.01%,,,,50,407,0.24%,0.02%,,,,,,,,,,,,,,,,72,148,0.03%,,
4,Northwestern Region,204,Town of Culpeper,,,,,              ,,,,,,,,,,,,,,,,,,,,,,,,,146,332,0.77%,0.07%,,,,109,968,0.53%,0.05%,,,,,,,,,,,,,,,,256,300,0.12%,,
4,Northwestern Region,216,Town of Elkton,,,,,              ,,,,,,,,,,,,,,,,,,,,,,,,,9,400,0.05%,0.00%,,,,,,,,,,,,,,,,,,,,,,9,400,0.00%,,
4,Northwestern Region,112,Town of Front Royal,,,,,              ,,,,,,,,,,,,,,,,,,,,,,,,,97,176,0.51%,0.04%,,,,118,597,0.58%,0.05%,,,,,,,,,,,,,,,,215,773,0.10%,,
4,Northwestern Region,228,Town of Grottoes,,,,,              ,,,,,,,,,,,,,,,,,,,,,,,,,7,592,0.04%,0.00%,,,,,,,,,,,,,,,,,,,,,,7,592,0.00%,,
4,Northwestern Region,115,City of Harrisonburg,,,,,              ,,,,,,,,,,,,,,,,,,,,,,,,,257,955,1.37%,0.12%,,,,280,452,1.36%,0.13%,,,,,,,,,,,,,,,,538,407,0.24%,,
4,Northwestern Region,117,City of Lexington,,,,,              ,,,,,,,,,,,,,,,,,,,,,,,,,19,491,0.10%,0.01%,,,,35,882,0.17%,0.02%,,,,,,,,,,,,,,,,55,373,0.03%,,
4,Northwestern Region,159,Town of Luray,,,,,              ,,,,,,,,,,,,,,,,,,,,,,,,,16,122,0.09%,0.01%,,,,31,112,0.15%,0.01%,,,,,,,,,,,,,,,,47,234,0.02%,,
4,Northwestern Region,275,Town of Orange,,,,,              ,,,,,,,,,,,,,,,,,,,,,,,,,19,643,0.10%,0.01%,,,,60,643,0.29%,0.03%,,,,,,,,,,,,,,,,80,286,0.04%,,
4,Northwestern Region,132,City of Staunton,,,,,              ,,,,,,,,,,,,,,,,,,,,,,,,,101,182,0.54%,0.05%,,,,186,367,0.91%,0.08%,,,,,,,,,,,,,,,,287,548,0.13%,,
4,Northwestern Region,306,Town of Strasburg,,,,,              ,,,,,,,,,,,,,,,,,,,,,,,,,11,395,0.06%,0.01%,,,,,,,,,,,,,,,,,,,,,,11,395,0.01%,,
4,Northwestern Region,156,Town of Warrenton,,,,,              ,,,,,,,,,,,,,,,,,,,,,,,,,51,080,0.27%,0.02%,,,,131,980,0.64%,0.06%,,,,,,,,,,,,,,,,183,060,0.08%,,
4,Northwestern Region,136,City of Waynesboro,,,,,              ,,,,,,,,,,,,,,,,,,,,,,,,,141,452,0.75%,0.06%,,,,143,750,0.70%,0.07%,,,,,,,,,,,,,,,,285,201,0.13%,,
4,Northwestern Region,138,City of Winchester,,,,,              ,,,,,,,,,,,,,,,,,,,,,,,,,231,192,1.22%,0.10%,,,,134,136,0.65%,0.06%,,,,,,,,,,,,,,,,365,328,0.17%,,
4,Northwestern Region,330,Town of Woodstock,,,,,              ,,,,,,,,,,,,,,,,,,,,,,,,,14,927,0.08%,0.01%,,,,,,,,,,,,,,,,,,,,,,14,927,0.01%,,
4,Northwestern Region,,Northwestern Region Total:,,,,,,5,461,880,14.22%,2.47%,,,,11,625,953,16.91%,5.26%,,,,10,513,652,15.91%,4.76%,,,,,,,,,,1,517,378,8.04%,0.69%,,,,1,664,037,8.09%,0.75%,,,,,,,,,,,,,,,,30,782,901,13.94%,,
5,Northern Region,000,Arlington County,,,,,              ,,,,,,,1,264,130,1.84%,0.57%,,,,1,483,642,2.25%,0.67%,,,,1,191,869,27.68%,0.54%,,,,,,,,,,,,,,,,,,,,,,,,,,,,3,939,641,1.78%,,
5,Northern Region,029,Fairfax County,,,,,              ,8,137,765,21.19%,3.68%,,,,8,578,520,12.48%,3.88%,,,,9,608,500,14.54%,4.35%,,,,,,,,,,,,,,,,,,,,,,,,,,,,,,,,,,26,324,785,11.92%,,
5,Northern Region,053,Loudoun County,,,,,              ,2,529,132,6.59%,1.14%,,,,3,277,613,4.77%,1.48%,,,,,,,,,,,,,,,,,,,,,,,,,,,,,,,,,,,,,,,,5,806,745,2.63%,,
5,Northern Region,076,Prince William County,,,,,              ,3,090,155,8.05%,1.40%,,,,2,979,366,4.33%,1.35%,,,,3,167,438,4.79%,1.43%,,,,,,,,,,,,,,,,,,,,,,,,,,,,,,,,,,9,236,959,4.18%,,
5,Northern Region,100,City of Alexandria,,,,,              ,,,,,,,,,,,,,,,,,,,,,,,,,542,709,2.87%,0.25%,,,,592,787,2.88%,0.27%,,,,,,,,,,,,,,,,1,135,496,0.51%,,
5,Northern Region,212,Town of Dumfries,,,,,              ,,,,,,,,,,,,,,,,,,,,,,,,,6,145,0.03%,0.00%,,,,,,,,,,,,,,,,,,,,,,6,145,0.00%,,
5,Northern Region,151,City of Fairfax,,,,,              ,,,,,,,,,,,,,,,,,,,,,,,,,105,618,0.56%,0.05%,,,,394,624,1.92%,0.18%,,,,,,,,,,,,,,,,500,242,0.23%,,
5,Northern Region,110,City of Falls Church,,,,,              ,,,,,,,,,,,,,,,,,,,,,,,,,56,812,0.30%,0.03%,,,,100,629,0.49%,0.05%,,,,,,,,,,,,,,,,157,441,0.07%,,
5,Northern Region,235,Town of Herndon,,,,,              ,,,,,,,,,,,,,,,,,,,,,,,,,168,266,0.89%,0.08%,,,,36,568,0.18%,0.02%,,,,,,,,,,,,,,,,204,834,0.09%,,
5,Northern Region,253,Town of Leesburg,,,,,              ,,,,,,,,,,,,,,,,,,,,,,,,,333,376,1.77%,0.15%,,,,160,760,0.78%,0.07%,,,,,,,,,,,,,,,,494,136,0.22%,,
5,Northern Region,155,City of Manassas,,,,,              ,,,,,,,,,,,,,,,,,,,,,,,,,559,416,2.96%,0.25%,,,,169,748,0.82%,0.08%,,,,,,,,,,,,,,,,729,164,0.33%,,
5,Northern Region,152,City of Manassas Park,,,,,              ,,,,,,,,,,,,,,,,,,,,,,,,,38,150,0.20%,0.02%,,,,30,215,0.15%,0.01%,,,,,,,,,,,,,,,,68,365,0.03%,,
5,Northern Region,286,Town of Purcellville,,,,,              ,,,,,,,,,,,,,,,,,,,,,,,,,25,079,0.13%,0.01%,,,,,,,,,,,,,,,,,,,,,,25,079,0.01%,,
5,Northern Region,153,Town of Vienna,,,,,              ,,,,,,,,,,,,,,,,,,,,,,,,,153,236,0.81%,0.07%,,,,89,779,0.44%,0.04%,,,,,,,,,,,,,,,,243,015,0.11%,,
5,Northern Region,,Northern Region Total:,,,,,,13,757,052,35.82%,6.23%,,,,16,099,630,23.41%,7.29%,,,,14,259,580,21.58%,6.46%,,,,1,191,869,27.68%,0.54%,,,,1,988,806,10.53%,0.90%,,,,1,575,110,7.65%,0.71%,,,,,,,,,,,,,,,,48,872,047,22.12%,,
O,Other,US ,Federal,,,,,              ,,,,,,,,,,,,,,,,,,,,,,,,,,,,,,,,,,,,,1,559,931,100.00%,0.71%,,,,1,674,333,71.50%,0.76%,,,,3,234,263,1.46%,,
O,Other,TOL,Other Toll,,,,,              ,,,,,,,,,,,,,,,,,,,,,,,,,,,,,,,,,,,,,,,,,,,667,524,28.50%,0.30%,,,,667,524,0.30%,,
O,Other,,Other Total:,,,,,,,,,,,,,,,,,,,,,,,,,,,,,,,,,,,,,,,,,,1,559,931,100.00%,0.71%,,,,2,341,856,100.00%,1.06%,,,,3,901,787,1.77%,,
,,,,,,,,,38,402,883,100.00%,17.38%,,,,68,763,303,100.00%,31.13%,,,,66,066,085,100.00%,29.91%,,,,4,305,124,100.00%,1.95%,,,,18,882,660,100.00%,8.55%,,,,20,576,964,100.00%,9.32%,,,,1,559,931,100.00%,0.71%,,,,2,341,856,100.00%,1.06%,,,,220,898,804,100.00%,,
,,,,,,,,,,,,,,,,,,,,,173,232,270,,78.42%,,,,4,305,124,,1.95%,,,,,,,,,,39,459,624,,17.86%,,,,,,,,,,3,901,787,,1.77%,,,,,,,
,,,,,,,,,,,,,,,,,,,,,VDOT Total,,,,,,County Total,,,,,,,,,,,,Urban Total,,,,,,,,,,,,Other Total,,,,,,,,,
,,,,,,,,,,,,,,,,,,,,,,,,,,,,,,,,,,,,,,,,,,,,,,,,,,,,,,,,,,,,
"'Secondary' includes those routes in the VDOT secondary system,  (unnumbered) routes maintained by Arlington and Henrico Counties and unnumbered routes maintained by cities and towns.",,,,,,,,,,,,,,,,,,,,,,,,,,,,,,,,,,,,,,,,,,,,,,,,,,,,,,,,,,,,
"'Primary' includes those routes designated as 'US', 'SR' (Virginia State Route) and Frontage Roads.",,,,,,,,,,,,,,,,,,,,,,,,,,,,,,,,,,,,,,,,,,,,,,,,,,,,,,,,,,,,
"'Primary' also includes the named federal parkways (George Washington Pkwy, Colonial Pkwy, Blue Ridge Pkwy, Skyline Drive) and the Dulles Access road.",,,,,,,,,,,,,,,,,,,,,,,,,,,,,,,,,,,,,,,,,,,,,,,,,,,,,,,,,,,,
'Interstate' includes those routes in the Interstate System.,,,,,,,,,,,,,,,,,,,,,,,,,,,,,,,,,,,,,,,,,,,,,,,,,,,,,,,,,,,,
,,,,,,,,,,,,,,,,,,,,,,,,,,,,,,,,,,,,,,,,,,,,,,,,,,,,,,,,,,,,
"VDOT maintains all facilities summarized in this report except those summarized in the Secondary columns for Arlington and Henrico counties and those summarized in all columns for cities, towns, the federal government and other (local and private toll roads).",,,,,,,,,,,,,,,,,,,,,,,,,,,,,,,,,,,,,,,,,,,,,,,,,,,,,,,,,,,,
Road Length values temporarilly not included in this report pending publication of official road length values.,,,,,,,,,,,,,,,,,,,,,,,,,,,,,,,,,,,,,,,,,,,,,,,,,,,,,,,,,,,,
Maintenance Jurisdiction DVMT report totals do not match Physical Jurisdiction DVMT report totals because of maintenance responsibility outside Virginia (North Carolina and West Virginia).,,,,,,,,,,,,,,,,,,,,,,,,,,,,,,,,,,,,,,,,,,,,,,,,,,,,,,,,,,,,
DVMT and road length totals ARE NOT EXPECTED to match totals reported to and published by FHWA because of VDOT maintainance of roads outside of Virginia (North Carolina and West Virginia).,,,,,,,,,,,,,,,,,,,,,,,,,,,,,,,,,,,,,,,,,,,,,,,,,,,,,,,,,,,,
,,,,,,,,,,,,,,,,,,,,,,,,,,,,,,,,,,,,,,,,,,,,,,,,,,,,,,,,,,,,
ReportID:,2200,DataYear:,2012,(Wide),ReportID:,2200,DataYear:,2012,(Wide),ReportID:,2200,DataYear:,2012,(Wide),ReportID:,2200,DataYear:,2012,(Wide),ReportID:,2200,DataYear:,2012,(Wide),ReportID:,2200,DataYear:,2012,(Wide),ReportID:,2200,DataYear:,2012,(Wide),ReportID:,2200,DataYear:,2012,(Wide),ReportID:,2200,DataYear:,2012,(Wide),ReportID:,2200,DataYear:,2012,(Wide),ReportID:,2200,DataYear:,2012,(Wide),ReportID:,2200,DataYear:,2012,Prepared,8/6/2013
