ReportID:,1200,DataYear:,2008,,ReportID:,1200,DataYear:,2008,,ReportID:,1200,DataYear:,2008,,ReportID:,1200,DataYear:,2008,,ReportID:,1200,DataYear:,2008,,ReportID:,1200,DataYear:,2008,Prepared,7/13/2009
Daily Vehicle Miles Traveled (DVMT) by Physical Jurisdiction,,,,,,,,,,,,,,,,,,,,,,,,,,,,,,
Public Road Segments within the Commonwealth of Virginia,,,,,,,,,,,,,,,,,,,,,,,,,,,,,,
Using Distance Measured Along North and East Bound Direction of Separated Inventoried Highways,,,,,,,,,,,,,,,,,,,,,,,,,,,,,,
2008,,,,,,,,,,,,,,,,,,,,,,,,,,,,,,
,,,,,,,,,,,,,,,,,,,,,,,,,,,,,,
,,,,,,,,,Secondary,,,,,,Primary,,,,,,Interstate,,,,,,All Roads,,,
,,,,,,,,,,,,,%,%,,,,,%,%,,,,,%,%,,,,%
,,,,,,,,,,%,%,,of,of,,%,%,,of,of,,%,%,,of,of,,%,,of
,,,,,,,,,,of,of,,Secondary,State,,of,of,,Primary,State,,of,of,,Interstate,State,,of,,State
,,,,,,,,,,Secondary,State,Road,Total,Total,,Primary,State,Road,Total,Total,,Interstate,State,Road,Total,Total,,State,Road,Total
,,,,,,,,,,Total,Total,Length,Road,Road,,Total,Total,Length,Road,Road,,Total,Total,Length,Road,Road,,Total,Length,Road
,,Jurisdiction,,,,,,,DVMT,VMT,VMT,(Miles),Length,Length,DVMT,VMT,VMT,(Miles),Length,Length,DVMT,VMT,VMT,(Miles),Length,Length,DVMT,VMT,(Miles),Length
,,,,,,,,,,,,,,,,,,,,,,,,,,,,,,
 ,,001,Accomack County,,,,,              ,240,960,0.36%,0.11%,518.76,0.83%,0.70%,776,493,0.84%,0.35%,85.14,0.85%,0.12%,0,0.00%,0.00%,0.00,0.00%,0.00%,1,017,453,0.45%,603.90,0.82%
 ,,002,Albemarle County,,,,,              ,974,564,1.46%,0.43%,866.27,1.38%,1.17%,1,599,971,1.72%,0.71%,138.57,1.39%,0.19%,1,053,851,1.62%,0.47%,29.67,2.65%,0.04%,3,628,385,1.61%,1,034.51,1.40%
 ,,003,Alleghany County,,,,,              ,120,903,0.18%,0.05%,325.05,0.52%,0.44%,114,722,0.12%,0.05%,83.03,0.83%,0.11%,413,400,0.64%,0.18%,38.04,3.40%,0.05%,649,025,0.29%,446.12,0.60%
 ,,004,Amelia County,,,,,              ,200,018,0.30%,0.09%,365.76,0.58%,0.49%,349,428,0.38%,0.16%,40.03,0.40%,0.05%,0,0.00%,0.00%,0.00,0.00%,0.00%,549,446,0.24%,405.79,0.55%
 ,,005,Amherst County,,,,,              ,216,846,0.32%,0.10%,597.12,0.95%,0.81%,625,418,0.67%,0.28%,118.13,1.18%,0.16%,0,0.00%,0.00%,0.00,0.00%,0.00%,842,264,0.37%,715.25,0.97%
 ,,006,Appomattox County,,,,,              ,123,005,0.18%,0.05%,420.56,0.67%,0.57%,269,174,0.29%,0.12%,47.66,0.48%,0.06%,0,0.00%,0.00%,0.00,0.00%,0.00%,392,179,0.17%,468.22,0.63%
 ,,000,Arlington County,,,,,              ,1,228,689,1.84%,0.55%,384.98,0.61%,0.52%,1,831,650,1.97%,0.81%,52.09,0.52%,0.07%,1,406,124,2.16%,0.63%,10.96,0.98%,0.01%,4,466,462,1.99%,448.03,0.61%
 ,,007,Augusta County,,,,,              ,676,021,1.01%,0.30%,1,136.02,1.81%,1.54%,967,941,1.04%,0.43%,207.07,2.07%,0.28%,1,755,814,2.70%,0.78%,41.41,3.70%,0.06%,3,399,776,1.51%,1,384.50,1.87%
 ,,008,Bath County,,,,,              ,65,775,0.10%,0.03%,356.28,0.57%,0.48%,108,885,0.12%,0.05%,74.80,0.75%,0.10%,0,0.00%,0.00%,0.00,0.00%,0.00%,174,659,0.08%,431.08,0.58%
 ,,009,Bedford County,,,,,              ,617,539,0.92%,0.27%,1,015.88,1.62%,1.37%,1,055,790,1.14%,0.47%,164.22,1.64%,0.22%,0,0.00%,0.00%,0.00,0.00%,0.00%,1,673,329,0.74%,1,180.10,1.60%
 ,,010,Bland County,,,,,              ,75,371,0.11%,0.03%,226.04,0.36%,0.31%,75,330,0.08%,0.03%,79.80,0.80%,0.11%,528,387,0.81%,0.24%,21.19,1.89%,0.03%,679,088,0.30%,327.03,0.44%
 ,,011,Botetourt County,,,,,              ,228,917,0.34%,0.10%,578.55,0.92%,0.78%,644,942,0.69%,0.29%,121.93,1.22%,0.16%,974,771,1.50%,0.43%,26.86,2.40%,0.04%,1,848,630,0.82%,727.34,0.98%
 ,,012,Brunswick County,,,,,              ,205,282,0.31%,0.09%,570.72,0.91%,0.77%,322,430,0.35%,0.14%,84.45,0.85%,0.11%,403,399,0.62%,0.18%,20.77,1.86%,0.03%,931,111,0.41%,675.94,0.91%
 ,,013,Buchanan County,,,,,              ,300,171,0.45%,0.13%,457.99,0.73%,0.62%,329,719,0.36%,0.15%,67.10,0.67%,0.09%,0,0.00%,0.00%,0.00,0.00%,0.00%,629,890,0.28%,525.09,0.71%
 ,,014,Buckingham County,,,,,              ,146,692,0.22%,0.07%,568.37,0.91%,0.77%,279,361,0.30%,0.12%,95.30,0.95%,0.13%,0,0.00%,0.00%,0.00,0.00%,0.00%,426,053,0.19%,663.67,0.90%
 ,,015,Campbell County,,,,,              ,508,206,0.76%,0.23%,670.48,1.07%,0.91%,1,028,352,1.11%,0.46%,100.48,1.01%,0.14%,0,0.00%,0.00%,0.00,0.00%,0.00%,1,536,558,0.68%,770.96,1.04%
 ,,016,Caroline County,,,,,              ,322,132,0.48%,0.14%,723.67,1.15%,0.98%,555,225,0.60%,0.25%,94.45,0.95%,0.13%,1,353,785,2.08%,0.60%,15.54,1.39%,0.02%,2,231,142,0.99%,833.66,1.13%
 ,,017,Carroll County,,,,,              ,254,238,0.38%,0.11%,827.37,1.32%,1.12%,353,408,0.38%,0.16%,110.22,1.10%,0.15%,821,744,1.26%,0.37%,24.29,2.17%,0.03%,1,429,390,0.64%,961.88,1.30%
 ,,018,Charles City County,,,,,              ,71,111,0.11%,0.03%,138.90,0.22%,0.19%,103,392,0.11%,0.05%,44.52,0.45%,0.06%,0,0.00%,0.00%,0.00,0.00%,0.00%,174,503,0.08%,183.42,0.25%
 ,,019,Charlotte County,,,,,              ,108,570,0.16%,0.05%,455.97,0.73%,0.62%,266,575,0.29%,0.12%,102.75,1.03%,0.14%,0,0.00%,0.00%,0.00,0.00%,0.00%,375,145,0.17%,558.72,0.76%
 ,,020,Chesterfield County,,,,,              ,2,721,599,4.07%,1.21%,1,695.21,2.70%,2.29%,4,469,469,4.82%,1.99%,143.90,1.44%,0.19%,1,306,626,2.01%,0.58%,16.62,1.49%,0.02%,8,497,695,3.78%,1,855.73,2.51%
 ,,021,Clarke County,,,,,              ,129,265,0.19%,0.06%,199.95,0.32%,0.27%,651,108,0.70%,0.29%,47.08,0.47%,0.06%,0,0.00%,0.00%,0.00,0.00%,0.00%,780,373,0.35%,247.03,0.33%
 ,,022,Craig County,,,,,              ,39,727,0.06%,0.02%,195.23,0.31%,0.26%,66,720,0.07%,0.03%,58.87,0.59%,0.08%,0,0.00%,0.00%,0.00,0.00%,0.00%,106,447,0.05%,254.10,0.34%
 ,,023,Culpeper County,,,,,              ,270,264,0.40%,0.12%,485.24,0.77%,0.66%,894,340,0.96%,0.40%,81.63,0.82%,0.11%,0,0.00%,0.00%,0.00,0.00%,0.00%,1,164,604,0.52%,566.87,0.77%
 ,,024,Cumberland County,,,,,              ,78,687,0.12%,0.04%,296.19,0.47%,0.40%,144,047,0.16%,0.06%,50.57,0.51%,0.07%,0,0.00%,0.00%,0.00,0.00%,0.00%,222,734,0.10%,346.76,0.47%
 ,,025,Dickenson County,,,,,              ,128,498,0.19%,0.06%,410.98,0.65%,0.56%,187,175,0.20%,0.08%,76.79,0.77%,0.10%,0,0.00%,0.00%,0.00,0.00%,0.00%,315,673,0.14%,487.77,0.66%
 ,,026,Dinwiddie County,,,,,              ,271,483,0.41%,0.12%,540.80,0.86%,0.73%,394,984,0.43%,0.18%,84.82,0.85%,0.11%,633,603,0.97%,0.28%,24.68,2.21%,0.03%,1,300,070,0.58%,650.30,0.88%
 ,,028,Essex County,,,,,              ,91,027,0.14%,0.04%,256.21,0.41%,0.35%,265,671,0.29%,0.12%,40.44,0.40%,0.05%,0,0.00%,0.00%,0.00,0.00%,0.00%,356,699,0.16%,296.65,0.40%
 ,,029,Fairfax County,,,,,              ,10,780,220,16.10%,4.80%,2,740.91,4.37%,3.71%,8,148,788,8.78%,3.62%,205.50,2.06%,0.28%,9,127,052,14.03%,4.06%,52.81,4.72%,0.07%,28,056,060,12.48%,2,999.22,4.06%
 ,,030,Fauquier County,,,,,              ,638,257,0.95%,0.28%,820.31,1.31%,1.11%,1,722,125,1.86%,0.77%,125.78,1.26%,0.17%,783,765,1.20%,0.35%,21.93,1.96%,0.03%,3,144,147,1.40%,968.02,1.31%
 ,,031,Floyd County,,,,,              ,135,563,0.20%,0.06%,624.62,0.99%,0.85%,200,979,0.22%,0.09%,92.14,0.92%,0.12%,0,0.00%,0.00%,0.00,0.00%,0.00%,336,542,0.15%,716.76,0.97%
 ,,032,Fluvanna County,,,,,              ,186,699,0.28%,0.08%,290.37,0.46%,0.39%,235,972,0.25%,0.10%,56.98,0.57%,0.08%,46,535,0.07%,0.02%,1.51,0.13%,0.00%,469,206,0.21%,348.86,0.47%
 ,,033,Franklin County,,,,,              ,579,968,0.87%,0.26%,1,079.64,1.72%,1.46%,740,038,0.80%,0.33%,93.23,0.93%,0.13%,0,0.00%,0.00%,0.00,0.00%,0.00%,1,320,006,0.59%,1,172.87,1.59%
 ,,034,Frederick County,,,,,              ,578,862,0.86%,0.26%,605.16,0.96%,0.82%,1,249,756,1.35%,0.56%,101.94,1.02%,0.14%,1,114,783,1.71%,0.50%,23.74,2.12%,0.03%,2,943,401,1.31%,730.84,0.99%
 ,,035,Giles County,,,,,              ,62,219,0.09%,0.03%,357.70,0.57%,0.48%,330,843,0.36%,0.15%,63.39,0.63%,0.09%,0,0.00%,0.00%,0.00,0.00%,0.00%,393,061,0.17%,421.09,0.57%
 ,,036,Gloucester County,,,,,              ,267,188,0.40%,0.12%,309.91,0.49%,0.42%,796,310,0.86%,0.35%,56.65,0.57%,0.08%,0,0.00%,0.00%,0.00,0.00%,0.00%,1,063,498,0.47%,366.56,0.50%
 ,,037,Goochland County,,,,,              ,274,039,0.41%,0.12%,338.66,0.54%,0.46%,595,754,0.64%,0.27%,85.62,0.86%,0.12%,759,876,1.17%,0.34%,23.38,2.09%,0.03%,1,629,669,0.72%,447.66,0.61%
 ,,038,Grayson County,,,,,              ,108,815,0.16%,0.05%,662.53,1.06%,0.90%,200,756,0.22%,0.09%,107.17,1.07%,0.15%,0,0.00%,0.00%,0.00,0.00%,0.00%,309,572,0.14%,769.70,1.04%
 ,,039,Greene County,,,,,              ,121,864,0.18%,0.05%,202.85,0.32%,0.27%,301,688,0.33%,0.13%,34.46,0.34%,0.05%,0,0.00%,0.00%,0.00,0.00%,0.00%,423,551,0.19%,237.31,0.32%
 ,,040,Greensville County,,,,,              ,112,094,0.17%,0.05%,282.41,0.45%,0.38%,140,272,0.15%,0.06%,29.21,0.29%,0.04%,525,469,0.81%,0.23%,15.47,1.38%,0.02%,777,835,0.35%,327.09,0.44%
 ,,041,Halifax County,,,,,              ,279,457,0.42%,0.12%,829.39,1.32%,1.12%,565,649,0.61%,0.25%,149.86,1.50%,0.20%,0,0.00%,0.00%,0.00,0.00%,0.00%,845,106,0.38%,979.25,1.33%
 ,,042,Hanover County,,,,,              ,1,032,142,1.54%,0.46%,818.09,1.30%,1.11%,838,897,0.90%,0.37%,89.47,0.90%,0.12%,2,174,960,3.34%,0.97%,22.75,2.03%,0.03%,4,046,000,1.80%,930.31,1.26%
 ,,043,Henrico County,,,,,              ,3,199,840,4.78%,1.42%,1,327.83,2.11%,1.80%,1,769,809,1.91%,0.79%,113.32,1.13%,0.15%,3,329,543,5.12%,1.48%,54.39,4.86%,0.07%,8,299,192,3.69%,1,495.54,2.02%
 ,,044,Henry County,,,,,              ,500,102,0.75%,0.22%,682.36,1.09%,0.92%,1,096,328,1.18%,0.49%,107.08,1.07%,0.14%,0,0.00%,0.00%,0.00,0.00%,0.00%,1,596,431,0.71%,789.44,1.07%
 ,,045,Highland County,,,,,              ,25,116,0.04%,0.01%,223.39,0.36%,0.30%,58,883,0.06%,0.03%,69.86,0.70%,0.09%,0,0.00%,0.00%,0.00,0.00%,0.00%,83,998,0.04%,293.25,0.40%
 ,,046,Isle of Wight County,,,,,              ,289,556,0.43%,0.13%,434.80,0.69%,0.59%,656,118,0.71%,0.29%,74.97,0.75%,0.10%,0,0.00%,0.00%,0.00,0.00%,0.00%,945,674,0.42%,509.77,0.69%
 ,,047,James City County,,,,,              ,330,422,0.49%,0.15%,329.04,0.52%,0.45%,750,343,0.81%,0.33%,72.75,0.73%,0.10%,645,522,0.99%,0.29%,11.04,0.99%,0.01%,1,726,288,0.77%,412.83,0.56%
 ,,049,King & Queen County,,,,,              ,78,429,0.12%,0.03%,294.74,0.47%,0.40%,225,787,0.24%,0.10%,52.18,0.52%,0.07%,0,0.00%,0.00%,0.00,0.00%,0.00%,304,217,0.14%,346.92,0.47%
 ,,048,King George County,,,,,              ,88,478,0.13%,0.04%,219.86,0.35%,0.30%,712,969,0.77%,0.32%,75.50,0.76%,0.10%,0,0.00%,0.00%,0.00,0.00%,0.00%,801,447,0.36%,295.36,0.40%
 ,,050,King William County,,,,,              ,104,060,0.16%,0.05%,250.37,0.40%,0.34%,265,454,0.29%,0.12%,42.90,0.43%,0.06%,0,0.00%,0.00%,0.00,0.00%,0.00%,369,514,0.16%,293.27,0.40%
 ,,051,Lancaster County,,,,,              ,81,005,0.12%,0.04%,198.24,0.32%,0.27%,173,176,0.19%,0.08%,50.67,0.51%,0.07%,0,0.00%,0.00%,0.00,0.00%,0.00%,254,180,0.11%,248.91,0.34%
 ,,052,Lee County,,,,,              ,129,635,0.19%,0.06%,564.06,0.90%,0.76%,391,872,0.42%,0.17%,108.40,1.08%,0.15%,0,0.00%,0.00%,0.00,0.00%,0.00%,521,507,0.23%,672.46,0.91%
 ,,053,Loudoun County,,,,,              ,2,106,539,3.15%,0.94%,987.42,1.57%,1.34%,3,279,995,3.53%,1.46%,117.89,1.18%,0.16%,0,0.00%,0.00%,0.00,0.00%,0.00%,5,386,534,2.40%,1,105.31,1.50%
 ,,054,Louisa County,,,,,              ,293,516,0.44%,0.13%,530.35,0.84%,0.72%,432,961,0.47%,0.19%,114.71,1.15%,0.16%,549,076,0.84%,0.24%,19.65,1.76%,0.03%,1,275,553,0.57%,664.71,0.90%
 ,,055,Lunenburg County,,,,,              ,99,060,0.15%,0.04%,470.89,0.75%,0.64%,113,827,0.12%,0.05%,56.24,0.56%,0.08%,0,0.00%,0.00%,0.00,0.00%,0.00%,212,887,0.09%,527.13,0.71%
 ,,056,Madison County,,,,,              ,100,035,0.15%,0.04%,325.66,0.52%,0.44%,402,035,0.43%,0.18%,76.95,0.77%,0.10%,0,0.00%,0.00%,0.00,0.00%,0.00%,502,069,0.22%,402.61,0.54%
 ,,057,Mathews County,,,,,              ,51,367,0.08%,0.02%,141.31,0.23%,0.19%,149,709,0.16%,0.07%,33.65,0.34%,0.05%,0,0.00%,0.00%,0.00,0.00%,0.00%,201,076,0.09%,174.96,0.24%
 ,,058,Mecklenburg County,,,,,              ,215,673,0.32%,0.10%,794.53,1.27%,1.08%,491,796,0.53%,0.22%,155.81,1.56%,0.21%,352,936,0.54%,0.16%,16.21,1.45%,0.02%,1,060,405,0.47%,966.55,1.31%
 ,,059,Middlesex County,,,,,              ,75,501,0.11%,0.03%,167.24,0.27%,0.23%,293,606,0.32%,0.13%,46.42,0.46%,0.06%,0,0.00%,0.00%,0.00,0.00%,0.00%,369,107,0.16%,213.66,0.29%
 ,,060,Montgomery County,,,,,              ,324,348,0.48%,0.14%,595.01,0.95%,0.81%,526,219,0.57%,0.23%,46.63,0.47%,0.06%,880,267,1.35%,0.39%,20.94,1.87%,0.03%,1,730,833,0.77%,662.58,0.90%
 ,,061,Nansemond Maintenance Area,,,,,              ,58,0.00%,0.00%,0.30,0.00%,0.00%,0,0.00%,0.00%,0.00,0.00%,0.00%,0,0.00%,0.00%,0.00,0.00%,0.00%,58,0.00%,0.30,0.00%
 ,,062,Nelson County,,,,,              ,95,841,0.14%,0.04%,468.69,0.75%,0.63%,530,491,0.57%,0.24%,126.10,1.26%,0.17%,40,624,0.06%,0.02%,1.36,0.12%,0.00%,666,955,0.30%,596.15,0.81%
 ,,063,New Kent County,,,,,              ,88,058,0.13%,0.04%,201.60,0.32%,0.27%,344,682,0.37%,0.15%,69.19,0.69%,0.09%,1,126,678,1.73%,0.50%,20.07,1.79%,0.03%,1,559,418,0.69%,290.86,0.39%
 ,,065,Northampton County,,,,,              ,76,121,0.11%,0.03%,221.02,0.35%,0.30%,550,466,0.59%,0.24%,60.12,0.60%,0.08%,0,0.00%,0.00%,0.00,0.00%,0.00%,626,586,0.28%,281.14,0.38%
 ,,066,Northumberland County,,,,,              ,113,281,0.17%,0.05%,344.41,0.55%,0.47%,203,543,0.22%,0.09%,44.49,0.45%,0.06%,0,0.00%,0.00%,0.00,0.00%,0.00%,316,824,0.14%,388.90,0.53%
 ,,067,Nottoway County,,,,,              ,95,360,0.14%,0.04%,347.89,0.55%,0.47%,308,071,0.33%,0.14%,77.71,0.78%,0.11%,0,0.00%,0.00%,0.00,0.00%,0.00%,403,431,0.18%,425.60,0.58%
 ,,068,Orange County,,,,,              ,179,876,0.27%,0.08%,346.62,0.55%,0.47%,503,413,0.54%,0.22%,80.88,0.81%,0.11%,0,0.00%,0.00%,0.00,0.00%,0.00%,683,288,0.30%,427.50,0.58%
 ,,069,Page County,,,,,              ,140,950,0.21%,0.06%,330.40,0.53%,0.45%,281,472,0.30%,0.13%,63.13,0.63%,0.09%,0,0.00%,0.00%,0.00,0.00%,0.00%,422,422,0.19%,393.53,0.53%
 ,,070,Patrick County,,,,,              ,163,117,0.24%,0.07%,619.78,0.99%,0.84%,241,012,0.26%,0.11%,105.52,1.06%,0.14%,0,0.00%,0.00%,0.00,0.00%,0.00%,404,129,0.18%,725.30,0.98%
 ,,071,Pittsylvania County,,,,,              ,682,645,1.02%,0.30%,1,424.38,2.27%,1.93%,991,639,1.07%,0.44%,177.99,1.78%,0.24%,0,0.00%,0.00%,0.00,0.00%,0.00%,1,674,284,0.74%,1,602.37,2.17%
 ,,072,Powhatan County,,,,,              ,299,716,0.45%,0.13%,309.39,0.49%,0.42%,545,772,0.59%,0.24%,53.44,0.53%,0.07%,0,0.00%,0.00%,0.00,0.00%,0.00%,845,488,0.38%,362.83,0.49%
 ,,073,Prince Edward County,,,,,              ,124,740,0.19%,0.06%,407.38,0.65%,0.55%,450,658,0.49%,0.20%,69.95,0.70%,0.09%,0,0.00%,0.00%,0.00,0.00%,0.00%,575,398,0.26%,477.33,0.65%
 ,,074,Prince George County,,,,,              ,233,142,0.35%,0.10%,354.73,0.56%,0.48%,505,762,0.54%,0.22%,85.24,0.85%,0.12%,646,714,0.99%,0.29%,22.32,2.00%,0.03%,1,385,618,0.62%,462.29,0.63%
 ,,076,Prince William County,,,,,              ,3,742,860,5.59%,1.66%,1,098.04,1.75%,1.49%,2,237,793,2.41%,1.00%,97.51,0.98%,0.13%,3,102,087,4.77%,1.38%,24.74,2.21%,0.03%,9,082,739,4.04%,1,220.29,1.65%
 ,,077,Pulaski County,,,,,              ,214,074,0.32%,0.10%,369.01,0.59%,0.50%,324,783,0.35%,0.14%,53.85,0.54%,0.07%,633,320,0.97%,0.28%,17.54,1.57%,0.02%,1,172,177,0.52%,440.40,0.60%
 ,,078,Rappahannock County,,,,,              ,66,875,0.10%,0.03%,232.83,0.37%,0.32%,205,247,0.22%,0.09%,72.32,0.72%,0.10%,0,0.00%,0.00%,0.00,0.00%,0.00%,272,122,0.12%,305.15,0.41%
 ,,079,Richmond County,,,,,              ,66,541,0.10%,0.03%,208.36,0.33%,0.28%,216,590,0.23%,0.10%,30.40,0.30%,0.04%,0,0.00%,0.00%,0.00,0.00%,0.00%,283,131,0.13%,238.76,0.32%
 ,,080,Roanoke County,,,,,              ,435,662,0.65%,0.19%,582.09,0.93%,0.79%,911,846,0.98%,0.41%,95.86,0.96%,0.13%,941,051,1.45%,0.42%,17.57,1.57%,0.02%,2,288,560,1.02%,695.52,0.94%
 ,,081,Rockbridge County,,,,,              ,187,480,0.28%,0.08%,652.46,1.04%,0.88%,342,291,0.37%,0.15%,132.57,1.33%,0.18%,1,300,572,2.00%,0.58%,47.97,4.29%,0.06%,1,830,342,0.81%,833.00,1.13%
 ,,082,Rockingham County,,,,,              ,583,330,0.87%,0.26%,916.54,1.46%,1.24%,1,085,832,1.17%,0.48%,176.84,1.77%,0.24%,868,585,1.34%,0.39%,20.66,1.85%,0.03%,2,537,747,1.13%,1,114.04,1.51%
 ,,083,Russell County,,,,,              ,164,804,0.25%,0.07%,558.31,0.89%,0.76%,535,909,0.58%,0.24%,95.06,0.95%,0.13%,0,0.00%,0.00%,0.00,0.00%,0.00%,700,713,0.31%,653.37,0.88%
 ,,084,Scott County,,,,,              ,192,666,0.29%,0.09%,691.24,1.10%,0.94%,458,474,0.49%,0.20%,109.48,1.10%,0.15%,0,0.00%,0.00%,0.00,0.00%,0.00%,651,140,0.29%,800.72,1.08%
 ,,085,Shenandoah County,,,,,              ,240,204,0.36%,0.11%,655.48,1.04%,0.89%,301,089,0.32%,0.13%,78.37,0.78%,0.11%,1,302,148,2.00%,0.58%,32.47,2.90%,0.04%,1,843,441,0.82%,766.32,1.04%
 ,,086,Smyth County,,,,,              ,221,602,0.33%,0.10%,476.34,0.76%,0.64%,166,555,0.18%,0.07%,81.79,0.82%,0.11%,555,906,0.85%,0.25%,21.63,1.93%,0.03%,944,063,0.42%,579.76,0.78%
 ,,087,Southampton County,,,,,              ,264,507,0.40%,0.12%,650.02,1.04%,0.88%,810,247,0.87%,0.36%,90.48,0.91%,0.12%,0,0.00%,0.00%,0.00,0.00%,0.00%,1,074,753,0.48%,740.50,1.00%
 ,,088,Spotsylvania County,,,,,              ,1,034,417,1.55%,0.46%,750.55,1.20%,1.02%,1,124,420,1.21%,0.50%,74.71,0.75%,0.10%,1,214,104,1.87%,0.54%,12.39,1.11%,0.02%,3,372,941,1.50%,837.65,1.13%
 ,,089,Stafford County,,,,,              ,1,047,567,1.56%,0.47%,699.91,1.11%,0.95%,909,157,0.98%,0.40%,45.69,0.46%,0.06%,2,188,289,3.36%,0.97%,15.74,1.41%,0.02%,4,145,013,1.84%,761.34,1.03%
 ,,090,Surry County,,,,,              ,51,111,0.08%,0.02%,237.05,0.38%,0.32%,111,261,0.12%,0.05%,45.39,0.45%,0.06%,0,0.00%,0.00%,0.00,0.00%,0.00%,162,372,0.07%,282.44,0.38%
 ,,091,Sussex County,,,,,              ,87,642,0.13%,0.04%,431.43,0.69%,0.58%,276,484,0.30%,0.12%,91.42,0.91%,0.12%,540,143,0.83%,0.24%,17.51,1.57%,0.02%,904,269,0.40%,540.36,0.73%
 ,,092,Tazewell County,,,,,              ,203,411,0.30%,0.09%,474.29,0.76%,0.64%,594,124,0.64%,0.26%,118.46,1.19%,0.16%,0,0.00%,0.00%,0.00,0.00%,0.00%,797,535,0.35%,592.75,0.80%
 ,,093,Warren County,,,,,              ,169,260,0.25%,0.08%,222.57,0.35%,0.30%,324,103,0.35%,0.14%,47.66,0.48%,0.06%,479,133,0.74%,0.21%,15.95,1.43%,0.02%,972,495,0.43%,286.18,0.39%
 ,,095,Washington County,,,,,              ,412,224,0.62%,0.18%,762.09,1.21%,1.03%,455,021,0.49%,0.20%,117.75,1.18%,0.16%,879,763,1.35%,0.39%,25.60,2.29%,0.03%,1,747,007,0.78%,905.44,1.23%
 ,,096,Westmoreland County,,,,,              ,135,248,0.20%,0.06%,332.22,0.53%,0.45%,243,411,0.26%,0.11%,61.92,0.62%,0.08%,0,0.00%,0.00%,0.00,0.00%,0.00%,378,659,0.17%,394.14,0.53%
 ,,097,Wise County,,,,,              ,289,847,0.43%,0.13%,408.80,0.65%,0.55%,624,140,0.67%,0.28%,89.41,0.89%,0.12%,0,0.00%,0.00%,0.00,0.00%,0.00%,913,987,0.41%,498.21,0.67%
 ,,098,Wythe County,,,,,              ,176,573,0.26%,0.08%,481.17,0.77%,0.65%,271,045,0.29%,0.12%,94.14,0.94%,0.13%,1,154,422,1.77%,0.51%,37.44,3.35%,0.05%,1,602,040,0.71%,612.75,0.83%
 ,,099,York County,,,,,              ,370,405,0.55%,0.16%,324.94,0.52%,0.44%,970,104,1.05%,0.43%,60.76,0.61%,0.08%,700,227,1.08%,0.31%,11.23,1.00%,0.02%,2,040,736,0.91%,396.93,0.54%
 ,,140,Town of Abingdon,,,,,              ,44,895,0.07%,0.02%,46.01,0.07%,0.06%,121,536,0.13%,0.05%,8.78,0.09%,0.01%,47,774,0.07%,0.02%,1.20,0.11%,0.00%,214,205,0.10%,55.99,0.08%
 ,,160,Town of Accomac,,,,,              ,2,190,0.00%,0.00%,3.55,0.01%,0.00%,5,734,0.01%,0.00%,1.35,0.01%,0.00%,0,0.00%,0.00%,0.00,0.00%,0.00%,7,925,0.00%,4.90,0.01%
 ,,161,Town of Alberta,,,,,              ,1,557,0.00%,0.00%,7.16,0.01%,0.01%,2,411,0.00%,0.00%,2.72,0.03%,0.00%,0,0.00%,0.00%,0.00,0.00%,0.00%,3,968,0.00%,9.88,0.01%
 ,,100,City of Alexandria,,,,,              ,622,088,0.93%,0.28%,188.42,0.30%,0.25%,791,514,0.85%,0.35%,25.87,0.26%,0.04%,755,622,1.16%,0.34%,4.54,0.41%,0.01%,2,169,224,0.96%,218.83,0.30%
 ,,162,Town of Altavista,,,,,              ,24,463,0.04%,0.01%,26.20,0.04%,0.04%,42,395,0.05%,0.02%,5.00,0.05%,0.01%,0,0.00%,0.00%,0.00,0.00%,0.00%,66,857,0.03%,31.20,0.04%
 ,,163,Town of Amherst,,,,,              ,2,437,0.00%,0.00%,7.01,0.01%,0.01%,79,026,0.09%,0.04%,6.81,0.07%,0.01%,0,0.00%,0.00%,0.00,0.00%,0.00%,81,462,0.04%,13.82,0.02%
 ,,164,Town of Appalachia,,,,,              ,2,739,0.00%,0.00%,6.86,0.01%,0.01%,18,920,0.02%,0.01%,5.29,0.05%,0.01%,0,0.00%,0.00%,0.00,0.00%,0.00%,21,659,0.01%,12.15,0.02%
 ,,165,Town of Appomattox,,,,,              ,10,462,0.02%,0.00%,12.75,0.02%,0.02%,52,107,0.06%,0.02%,5.61,0.06%,0.01%,0,0.00%,0.00%,0.00,0.00%,0.00%,62,569,0.03%,18.36,0.02%
 ,,166,Town of Ashland,,,,,              ,38,707,0.06%,0.02%,40.38,0.06%,0.05%,91,535,0.10%,0.04%,7.85,0.08%,0.01%,234,235,0.36%,0.10%,2.25,0.20%,0.00%,364,477,0.16%,50.48,0.07%
 ,,141,City of Bedford,,,,,              ,24,302,0.04%,0.01%,31.45,0.05%,0.04%,127,009,0.14%,0.06%,14.91,0.15%,0.02%,0,0.00%,0.00%,0.00,0.00%,0.00%,151,311,0.07%,46.36,0.06%
 ,,167,Town of Belle Haven,,,,,              ,1,539,0.00%,0.00%,3.23,0.01%,0.00%,5,094,0.01%,0.00%,2.64,0.03%,0.00%,0,0.00%,0.00%,0.00,0.00%,0.00%,6,632,0.00%,5.87,0.01%
 ,,168,Town of Berryville,,,,,              ,10,487,0.02%,0.00%,12.87,0.02%,0.02%,21,736,0.02%,0.01%,2.94,0.03%,0.00%,0,0.00%,0.00%,0.00,0.00%,0.00%,32,223,0.01%,15.81,0.02%
 ,,101,Town of Big Stone Gap,,,,,              ,34,449,0.05%,0.02%,24.77,0.04%,0.03%,29,264,0.03%,0.01%,3.62,0.04%,0.00%,0,0.00%,0.00%,0.00,0.00%,0.00%,63,714,0.03%,28.39,0.04%
 ,,150,Town of Blacksburg,,,,,              ,173,865,0.26%,0.08%,103.45,0.16%,0.14%,314,526,0.34%,0.14%,25.37,0.25%,0.03%,0,0.00%,0.00%,0.00,0.00%,0.00%,488,391,0.22%,128.82,0.17%
 ,,142,Town of Blackstone,,,,,              ,17,662,0.03%,0.01%,28.51,0.05%,0.04%,27,572,0.03%,0.01%,4.95,0.05%,0.01%,0,0.00%,0.00%,0.00,0.00%,0.00%,45,234,0.02%,33.46,0.05%
 ,,169,Town of Bloxom,,,,,              ,1,179,0.00%,0.00%,3.22,0.01%,0.00%,2,446,0.00%,0.00%,1.43,0.01%,0.00%,0,0.00%,0.00%,0.00,0.00%,0.00%,3,625,0.00%,4.65,0.01%
 ,,143,Town of Bluefield,,,,,              ,33,266,0.05%,0.01%,32.10,0.05%,0.04%,84,542,0.09%,0.04%,9.19,0.09%,0.01%,0,0.00%,0.00%,0.00,0.00%,0.00%,117,807,0.05%,41.29,0.06%
 ,,170,Town of Boones Mill,,,,,              ,2,478,0.00%,0.00%,3.38,0.01%,0.00%,31,399,0.03%,0.01%,1.32,0.01%,0.00%,0,0.00%,0.00%,0.00,0.00%,0.00%,33,877,0.02%,4.70,0.01%
 ,,171,Town of Bowling Green,,,,,              ,2,743,0.00%,0.00%,7.03,0.01%,0.01%,34,454,0.04%,0.02%,4.48,0.04%,0.01%,0,0.00%,0.00%,0.00,0.00%,0.00%,37,197,0.02%,11.51,0.02%
 ,,172,Town of Boyce,,,,,              ,1,315,0.00%,0.00%,1.45,0.00%,0.00%,7,629,0.01%,0.00%,0.81,0.01%,0.00%,0,0.00%,0.00%,0.00,0.00%,0.00%,8,944,0.00%,2.26,0.00%
 ,,173,Town of Boydton,,,,,              ,1,607,0.00%,0.00%,4.61,0.01%,0.01%,4,345,0.00%,0.00%,1.95,0.02%,0.00%,0,0.00%,0.00%,0.00,0.00%,0.00%,5,952,0.00%,6.56,0.01%
 ,,174,Town of Boykins,,,,,              ,721,0.00%,0.00%,4.24,0.01%,0.01%,5,666,0.01%,0.00%,1.99,0.02%,0.00%,0,0.00%,0.00%,0.00,0.00%,0.00%,6,388,0.00%,6.23,0.01%
 ,,175,Town of Branchville,,,,,              ,332,0.00%,0.00%,1.38,0.00%,0.00%,977,0.00%,0.00%,0.62,0.01%,0.00%,0,0.00%,0.00%,0.00,0.00%,0.00%,1,309,0.00%,2.00,0.00%
 ,,176,Town of Bridgewater,,,,,              ,29,567,0.04%,0.01%,21.08,0.03%,0.03%,44,040,0.05%,0.02%,3.81,0.04%,0.01%,0,0.00%,0.00%,0.00,0.00%,0.00%,73,607,0.03%,24.89,0.03%
 ,,102,City of Bristol,,,,,              ,131,263,0.20%,0.06%,111.52,0.18%,0.15%,139,898,0.15%,0.06%,13.40,0.13%,0.02%,355,684,0.55%,0.16%,8.89,0.79%,0.01%,626,845,0.28%,133.81,0.18%
 ,,177,Town of Broadway,,,,,              ,8,991,0.01%,0.00%,11.21,0.02%,0.02%,20,003,0.02%,0.01%,2.99,0.03%,0.00%,0,0.00%,0.00%,0.00,0.00%,0.00%,28,994,0.01%,14.20,0.02%
 ,,178,Town of Brodnax,,,,,              ,1,866,0.00%,0.00%,5.01,0.01%,0.01%,12,261,0.01%,0.01%,1.18,0.01%,0.00%,0,0.00%,0.00%,0.00,0.00%,0.00%,14,127,0.01%,6.19,0.01%
 ,,179,Town of Brookneal,,,,,              ,3,620,0.01%,0.00%,12.21,0.02%,0.02%,15,900,0.02%,0.01%,3.15,0.03%,0.00%,0,0.00%,0.00%,0.00,0.00%,0.00%,19,520,0.01%,15.36,0.02%
 ,,180,Town of Buchanan,,,,,              ,2,891,0.00%,0.00%,10.35,0.02%,0.01%,17,680,0.02%,0.01%,4.94,0.05%,0.01%,0,0.00%,0.00%,0.00,0.00%,0.00%,20,571,0.01%,15.29,0.02%
 ,,103,City of Buena Vista,,,,,              ,24,709,0.04%,0.01%,38.24,0.06%,0.05%,35,432,0.04%,0.02%,5.87,0.06%,0.01%,0,0.00%,0.00%,0.00,0.00%,0.00%,60,140,0.03%,44.11,0.06%
 ,,181,Town of Burkeville,,,,,              ,2,141,0.00%,0.00%,7.70,0.01%,0.01%,14,109,0.02%,0.01%,2.20,0.02%,0.00%,0,0.00%,0.00%,0.00,0.00%,0.00%,16,250,0.01%,9.90,0.01%
 ,,182,Town of Cape Charles,,,,,              ,3,247,0.00%,0.00%,7.31,0.01%,0.01%,2,864,0.00%,0.00%,1.48,0.01%,0.00%,0,0.00%,0.00%,0.00,0.00%,0.00%,6,111,0.00%,8.79,0.01%
 ,,183,Town of Capron,,,,,              ,1,114,0.00%,0.00%,2.00,0.00%,0.00%,4,733,0.01%,0.00%,0.29,0.00%,0.00%,0,0.00%,0.00%,0.00,0.00%,0.00%,5,847,0.00%,2.29,0.00%
 ,,340,Castlewood,,,,,              ,16,236,0.02%,0.01%,26.41,0.04%,0.04%,53,040,0.06%,0.02%,8.12,0.08%,0.01%,0,0.00%,0.00%,0.00,0.00%,0.00%,69,276,0.03%,34.53,0.05%
 ,,184,Town of Cedar Bluff,,,,,              ,4,129,0.01%,0.00%,5.56,0.01%,0.01%,40,782,0.04%,0.02%,4.58,0.05%,0.01%,0,0.00%,0.00%,0.00,0.00%,0.00%,44,911,0.02%,10.14,0.01%
 ,,185,Town of Charlotte C.H.,,,,,              ,2,184,0.00%,0.00%,5.92,0.01%,0.01%,8,792,0.01%,0.00%,3.99,0.04%,0.01%,0,0.00%,0.00%,0.00,0.00%,0.00%,10,976,0.00%,9.91,0.01%
 ,,104,City of Charlottesville,,,,,              ,316,397,0.47%,0.14%,121.96,0.19%,0.17%,312,047,0.34%,0.14%,22.02,0.22%,0.03%,6,508,0.01%,0.00%,0.17,0.02%,0.00%,634,953,0.28%,144.15,0.20%
 ,,186,Town of Chase City,,,,,              ,5,404,0.01%,0.00%,17.72,0.03%,0.02%,21,583,0.02%,0.01%,4.08,0.04%,0.01%,0,0.00%,0.00%,0.00,0.00%,0.00%,26,986,0.01%,21.80,0.03%
 ,,187,Town of Chatham,,,,,              ,4,205,0.01%,0.00%,8.82,0.01%,0.01%,25,785,0.03%,0.01%,4.42,0.04%,0.01%,0,0.00%,0.00%,0.00,0.00%,0.00%,29,991,0.01%,13.24,0.02%
 ,,188,Town of Cheriton,,,,,              ,2,117,0.00%,0.00%,3.72,0.01%,0.01%,10,462,0.01%,0.00%,1.41,0.01%,0.00%,0,0.00%,0.00%,0.00,0.00%,0.00%,12,579,0.01%,5.13,0.01%
 ,,131,City of Chesapeake,,,,,              ,1,724,586,2.58%,0.77%,937.17,1.49%,1.27%,2,270,444,2.45%,1.01%,125.74,1.26%,0.17%,1,759,794,2.71%,0.78%,23.69,2.12%,0.03%,5,754,825,2.56%,1,086.60,1.47%
 ,,189,Town of Chilhowie,,,,,              ,13,391,0.02%,0.01%,10.97,0.02%,0.01%,23,409,0.03%,0.01%,3.75,0.04%,0.01%,15,117,0.02%,0.01%,0.56,0.05%,0.00%,51,917,0.02%,15.28,0.02%
 ,,190,Town of Chincoteague,,,,,              ,46,409,0.07%,0.02%,23.89,0.04%,0.03%,16,917,0.02%,0.01%,2.11,0.02%,0.00%,0,0.00%,0.00%,0.00,0.00%,0.00%,63,326,0.03%,26.00,0.04%
 ,,154,Town of Christiansburg,,,,,              ,108,718,0.16%,0.05%,100.32,0.16%,0.14%,247,966,0.27%,0.11%,17.56,0.18%,0.02%,206,760,0.32%,0.09%,4.67,0.42%,0.01%,563,443,0.25%,122.55,0.17%
 ,,191,Town of Claremont,,,,,              ,1,640,0.00%,0.00%,9.30,0.01%,0.01%,0,0.00%,0.00%,0.00,0.00%,0.00%,0,0.00%,0.00%,0.00,0.00%,0.00%,1,640,0.00%,9.30,0.01%
 ,,192,Town of Clarksville,,,,,              ,3,464,0.01%,0.00%,11.64,0.02%,0.02%,11,762,0.01%,0.01%,2.58,0.03%,0.00%,0,0.00%,0.00%,0.00,0.00%,0.00%,15,226,0.01%,14.22,0.02%
 ,,193,Town of Cleveland,,,,,              ,290,0.00%,0.00%,1.64,0.00%,0.00%,1,042,0.00%,0.00%,0.55,0.01%,0.00%,0,0.00%,0.00%,0.00,0.00%,0.00%,1,332,0.00%,2.19,0.00%
 ,,194,Town of Clifton,,,,,              ,7,410,0.01%,0.00%,2.77,0.00%,0.00%,0,0.00%,0.00%,0.00,0.00%,0.00%,0,0.00%,0.00%,0.00,0.00%,0.00%,7,410,0.00%,2.77,0.00%
 ,,105,Town of Clifton Forge,,,,,              ,19,820,0.03%,0.01%,18.87,0.03%,0.03%,19,262,0.02%,0.01%,4.66,0.05%,0.01%,18,966,0.03%,0.01%,1.55,0.14%,0.00%,58,047,0.03%,25.08,0.03%
 ,,339,Town of Clinchco,,,,,              ,1,558,0.00%,0.00%,4.52,0.01%,0.01%,0,0.00%,0.00%,0.00,0.00%,0.00%,0,0.00%,0.00%,0.00,0.00%,0.00%,1,558,0.00%,4.52,0.01%
 ,,195,Town of Clinchport,,,,,              ,91,0.00%,0.00%,1.58,0.00%,0.00%,2,200,0.00%,0.00%,1.46,0.01%,0.00%,0,0.00%,0.00%,0.00,0.00%,0.00%,2,290,0.00%,3.04,0.00%
 ,,196,Town of Clintwood,,,,,              ,12,046,0.02%,0.01%,9.36,0.01%,0.01%,15,126,0.02%,0.01%,1.78,0.02%,0.00%,0,0.00%,0.00%,0.00,0.00%,0.00%,27,172,0.01%,11.14,0.02%
 ,,197,Clover,,,,,              ,721,0.00%,0.00%,1.46,0.00%,0.00%,384,0.00%,0.00%,0.80,0.01%,0.00%,0,0.00%,0.00%,0.00,0.00%,0.00%,1,105,0.00%,2.26,0.00%
 ,,198,Town of Coeburn,,,,,              ,12,379,0.02%,0.01%,10.26,0.02%,0.01%,55,066,0.06%,0.02%,8.69,0.09%,0.01%,0,0.00%,0.00%,0.00,0.00%,0.00%,67,445,0.03%,18.95,0.03%
 ,,199,Town of Colonial Beach,,,,,              ,10,985,0.02%,0.00%,25.71,0.04%,0.03%,13,694,0.01%,0.01%,2.75,0.03%,0.00%,0,0.00%,0.00%,0.00,0.00%,0.00%,24,679,0.01%,28.46,0.04%
 ,,106,City of Colonial Heights,,,,,              ,148,721,0.22%,0.07%,81.90,0.13%,0.11%,127,733,0.14%,0.06%,5.04,0.05%,0.01%,329,088,0.51%,0.15%,3.57,0.32%,0.00%,605,543,0.27%,90.51,0.12%
 ,,200,Town of Columbia,,,,,              ,254,0.00%,0.00%,1.85,0.00%,0.00%,1,278,0.00%,0.00%,0.64,0.01%,0.00%,0,0.00%,0.00%,0.00,0.00%,0.00%,1,532,0.00%,2.49,0.00%
 ,,201,Town of Courtland,,,,,              ,2,808,0.00%,0.00%,7.58,0.01%,0.01%,11,052,0.01%,0.00%,1.83,0.02%,0.00%,0,0.00%,0.00%,0.00,0.00%,0.00%,13,859,0.01%,9.41,0.01%
 ,,107,City of Covington,,,,,              ,21,922,0.03%,0.01%,31.35,0.05%,0.04%,56,390,0.06%,0.03%,9.62,0.10%,0.01%,18,322,0.03%,0.01%,1.40,0.13%,0.00%,96,634,0.04%,42.37,0.06%
 ,,202,Town of Craigsville,,,,,              ,1,684,0.00%,0.00%,6.57,0.01%,0.01%,4,725,0.01%,0.00%,1.70,0.02%,0.00%,0,0.00%,0.00%,0.00,0.00%,0.00%,6,409,0.00%,8.27,0.01%
 ,,203,Town of Crewe,,,,,              ,7,399,0.01%,0.00%,16.99,0.03%,0.02%,34,316,0.04%,0.02%,3.75,0.04%,0.01%,0,0.00%,0.00%,0.00,0.00%,0.00%,41,715,0.02%,20.74,0.03%
 ,,204,Town of Culpeper,,,,,              ,147,017,0.22%,0.07%,49.44,0.08%,0.07%,111,790,0.12%,0.05%,8.48,0.08%,0.01%,0,0.00%,0.00%,0.00,0.00%,0.00%,258,807,0.12%,57.92,0.08%
 ,,205,Town of Damascus,,,,,              ,2,133,0.00%,0.00%,4.72,0.01%,0.01%,9,625,0.01%,0.00%,2.53,0.03%,0.00%,0,0.00%,0.00%,0.00,0.00%,0.00%,11,758,0.01%,7.25,0.01%
 ,,108,City of Danville,,,,,              ,308,113,0.46%,0.14%,274.30,0.44%,0.37%,779,674,0.84%,0.35%,52.95,0.53%,0.07%,0,0.00%,0.00%,0.00,0.00%,0.00%,1,087,787,0.48%,327.25,0.44%
 ,,206,Town of Dayton,,,,,              ,1,951,0.00%,0.00%,4.30,0.01%,0.01%,19,649,0.02%,0.01%,2.65,0.03%,0.00%,0,0.00%,0.00%,0.00,0.00%,0.00%,21,600,0.01%,6.95,0.01%
 ,,207,Town of Dendron,,,,,              ,248,0.00%,0.00%,3.28,0.01%,0.00%,2,867,0.00%,0.00%,1.59,0.02%,0.00%,0,0.00%,0.00%,0.00,0.00%,0.00%,3,116,0.00%,4.87,0.01%
 ,,208,Town of Dillwyn,,,,,              ,1,209,0.00%,0.00%,3.87,0.01%,0.01%,8,384,0.01%,0.00%,1.10,0.01%,0.00%,0,0.00%,0.00%,0.00,0.00%,0.00%,9,593,0.00%,4.97,0.01%
 ,,209,Town of Drakes Branch,,,,,              ,1,985,0.00%,0.00%,5.08,0.01%,0.01%,5,527,0.01%,0.00%,2.89,0.03%,0.00%,0,0.00%,0.00%,0.00,0.00%,0.00%,7,511,0.00%,7.97,0.01%
 ,,210,Town of Dublin,,,,,              ,7,760,0.01%,0.00%,10.97,0.02%,0.01%,26,051,0.03%,0.01%,1.85,0.02%,0.00%,0,0.00%,0.00%,0.00,0.00%,0.00%,33,811,0.02%,12.82,0.02%
 ,,211,Town of Duffield,,,,,              ,2,059,0.00%,0.00%,2.64,0.00%,0.00%,13,990,0.02%,0.01%,1.47,0.01%,0.00%,0,0.00%,0.00%,0.00,0.00%,0.00%,16,049,0.01%,4.11,0.01%
 ,,212,Town of Dumfries,,,,,              ,5,838,0.01%,0.00%,9.73,0.02%,0.01%,55,584,0.06%,0.02%,3.18,0.03%,0.00%,0,0.00%,0.00%,0.00,0.00%,0.00%,61,422,0.03%,12.91,0.02%
 ,,213,Town of Dungannon,,,,,              ,582,0.00%,0.00%,3.53,0.01%,0.00%,1,606,0.00%,0.00%,1.10,0.01%,0.00%,0,0.00%,0.00%,0.00,0.00%,0.00%,2,189,0.00%,4.63,0.01%
 ,,214,Town of Eastville,,,,,              ,1,310,0.00%,0.00%,1.78,0.00%,0.00%,3,704,0.00%,0.00%,0.60,0.01%,0.00%,0,0.00%,0.00%,0.00,0.00%,0.00%,5,014,0.00%,2.38,0.00%
 ,,215,Town of Edinburg,,,,,              ,1,551,0.00%,0.00%,4.12,0.01%,0.01%,9,609,0.01%,0.00%,1.73,0.02%,0.00%,0,0.00%,0.00%,0.00,0.00%,0.00%,11,160,0.00%,5.85,0.01%
 ,,216,Town of Elkton,,,,,              ,5,919,0.01%,0.00%,17.31,0.03%,0.02%,19,191,0.02%,0.01%,2.22,0.02%,0.00%,0,0.00%,0.00%,0.00,0.00%,0.00%,25,110,0.01%,19.53,0.03%
 ,,109,City of Emporia,,,,,              ,39,761,0.06%,0.02%,31.93,0.05%,0.04%,96,317,0.10%,0.04%,10.20,0.10%,0.01%,59,337,0.09%,0.03%,1.67,0.15%,0.00%,195,414,0.09%,43.80,0.06%
 ,,217,Town of Exmore,,,,,              ,3,118,0.00%,0.00%,8.78,0.01%,0.01%,20,807,0.02%,0.01%,3.47,0.03%,0.00%,0,0.00%,0.00%,0.00,0.00%,0.00%,23,925,0.01%,12.25,0.02%
 ,,151,City of Fairfax,,,,,              ,104,239,0.16%,0.05%,59.31,0.09%,0.08%,379,071,0.41%,0.17%,11.44,0.11%,0.02%,0,0.00%,0.00%,0.00,0.00%,0.00%,483,311,0.21%,70.75,0.10%
 ,,110,City of Falls Church,,,,,              ,72,776,0.11%,0.03%,27.53,0.04%,0.04%,98,410,0.11%,0.04%,4.51,0.05%,0.01%,0,0.00%,0.00%,0.00,0.00%,0.00%,171,185,0.08%,32.04,0.04%
 ,,144,Town of Farmville,,,,,              ,33,307,0.05%,0.01%,40.94,0.07%,0.06%,93,230,0.10%,0.04%,9.84,0.10%,0.01%,0,0.00%,0.00%,0.00,0.00%,0.00%,126,537,0.06%,50.78,0.07%
 ,,218,Town of Fincastle,,,,,              ,3,038,0.00%,0.00%,3.31,0.01%,0.00%,2,794,0.00%,0.00%,0.29,0.00%,0.00%,0,0.00%,0.00%,0.00,0.00%,0.00%,5,832,0.00%,3.60,0.00%
 ,,219,Town of Floyd,,,,,              ,3,738,0.01%,0.00%,3.64,0.01%,0.00%,8,579,0.01%,0.00%,1.51,0.02%,0.00%,0,0.00%,0.00%,0.00,0.00%,0.00%,12,317,0.01%,5.15,0.01%
 ,,145,City of Franklin,,,,,              ,81,318,0.12%,0.04%,45.20,0.07%,0.06%,26,206,0.03%,0.01%,5.61,0.06%,0.01%,0,0.00%,0.00%,0.00,0.00%,0.00%,107,524,0.05%,50.81,0.07%
 ,,111,City of Fredericksburg,,,,,              ,167,130,0.25%,0.07%,66.72,0.11%,0.09%,357,012,0.38%,0.16%,15.53,0.16%,0.02%,419,159,0.64%,0.19%,3.18,0.28%,0.00%,943,301,0.42%,85.43,0.12%
 ,,220,Town of Fries,,,,,              ,5,265,0.01%,0.00%,2.95,0.00%,0.00%,2,045,0.00%,0.00%,1.04,0.01%,0.00%,0,0.00%,0.00%,0.00,0.00%,0.00%,7,310,0.00%,3.99,0.01%
 ,,112,Town of Front Royal,,,,,              ,98,352,0.15%,0.04%,58.03,0.09%,0.08%,120,172,0.13%,0.05%,8.13,0.08%,0.01%,0,0.00%,0.00%,0.00,0.00%,0.00%,218,524,0.10%,66.16,0.09%
 ,,113,City of Galax,,,,,              ,59,148,0.09%,0.03%,52.31,0.08%,0.07%,89,789,0.10%,0.04%,8.08,0.08%,0.01%,0,0.00%,0.00%,0.00,0.00%,0.00%,148,938,0.07%,60.39,0.08%
 ,,221,Town of Gate City,,,,,              ,10,605,0.02%,0.00%,13.99,0.02%,0.02%,50,881,0.05%,0.02%,5.14,0.05%,0.01%,0,0.00%,0.00%,0.00,0.00%,0.00%,61,486,0.03%,19.13,0.03%
 ,,222,Town of Glade Spring,,,,,              ,4,104,0.01%,0.00%,7.84,0.01%,0.01%,17,691,0.02%,0.01%,3.52,0.04%,0.00%,0,0.00%,0.00%,0.00,0.00%,0.00%,21,795,0.01%,11.36,0.02%
 ,,223,Town of Glasgow,,,,,              ,4,211,0.01%,0.00%,9.49,0.02%,0.01%,5,835,0.01%,0.00%,1.60,0.02%,0.00%,0,0.00%,0.00%,0.00,0.00%,0.00%,10,046,0.00%,11.09,0.02%
 ,,224,Town of Glen Lyn,,,,,              ,1,085,0.00%,0.00%,2.85,0.00%,0.00%,12,886,0.01%,0.01%,1.40,0.01%,0.00%,0,0.00%,0.00%,0.00,0.00%,0.00%,13,971,0.01%,4.25,0.01%
 ,,225,Town of Gordonsville,,,,,              ,4,856,0.01%,0.00%,9.04,0.01%,0.01%,15,564,0.02%,0.01%,2.09,0.02%,0.00%,0,0.00%,0.00%,0.00,0.00%,0.00%,20,420,0.01%,11.13,0.02%
 ,,226,Town of Goshen,,,,,              ,325,0.00%,0.00%,2.62,0.00%,0.00%,7,864,0.01%,0.00%,4.29,0.04%,0.01%,0,0.00%,0.00%,0.00,0.00%,0.00%,8,190,0.00%,6.91,0.01%
 ,,227,Town of Gretna,,,,,              ,5,925,0.01%,0.00%,9.25,0.01%,0.01%,12,761,0.01%,0.01%,2.42,0.02%,0.00%,0,0.00%,0.00%,0.00,0.00%,0.00%,18,686,0.01%,11.67,0.02%
 ,,228,Town of Grottoes,,,,,              ,8,001,0.01%,0.00%,21.84,0.03%,0.03%,11,295,0.01%,0.01%,2.18,0.02%,0.00%,0,0.00%,0.00%,0.00,0.00%,0.00%,19,297,0.01%,24.02,0.03%
 ,,229,Town of Grundy,,,,,              ,5,654,0.01%,0.00%,5.13,0.01%,0.01%,52,874,0.06%,0.02%,5.72,0.06%,0.01%,0,0.00%,0.00%,0.00,0.00%,0.00%,58,529,0.03%,10.85,0.01%
 ,,230,Town of Halifax,,,,,              ,1,006,0.00%,0.00%,5.16,0.01%,0.01%,31,662,0.03%,0.01%,5.11,0.05%,0.01%,0,0.00%,0.00%,0.00,0.00%,0.00%,32,668,0.01%,10.27,0.01%
 ,,231,Town of Hallwood,,,,,              ,1,167,0.00%,0.00%,2.84,0.00%,0.00%,0,0.00%,0.00%,0.00,0.00%,0.00%,0,0.00%,0.00%,0.00,0.00%,0.00%,1,167,0.00%,2.84,0.00%
 ,,232,Town of Hamilton,,,,,              ,872,0.00%,0.00%,1.46,0.00%,0.00%,8,821,0.01%,0.00%,0.96,0.01%,0.00%,0,0.00%,0.00%,0.00,0.00%,0.00%,9,693,0.00%,2.42,0.00%
 ,,114,City of Hampton,,,,,              ,1,363,443,2.04%,0.61%,410.32,0.65%,0.56%,930,198,1.00%,0.41%,50.19,0.50%,0.07%,1,650,632,2.54%,0.73%,15.62,1.40%,0.02%,3,944,273,1.75%,476.13,0.64%
 ,,115,City of Harrisonburg,,,,,              ,262,767,0.39%,0.12%,116.74,0.19%,0.16%,304,872,0.33%,0.14%,21.66,0.22%,0.03%,306,008,0.47%,0.14%,6.44,0.58%,0.01%,873,646,0.39%,144.84,0.20%
 ,,233,Town of Haymarket,,,,,              ,2,137,0.00%,0.00%,3.61,0.01%,0.00%,16,509,0.02%,0.01%,1.18,0.01%,0.00%,40,584,0.06%,0.02%,0.84,0.08%,0.00%,59,230,0.03%,5.63,0.01%
 ,,234,Town of Haysi,,,,,              ,717,0.00%,0.00%,2.39,0.00%,0.00%,10,062,0.01%,0.00%,3.08,0.03%,0.00%,0,0.00%,0.00%,0.00,0.00%,0.00%,10,779,0.00%,5.47,0.01%
 ,,235,Town of Herndon,,,,,              ,174,599,0.26%,0.08%,49.71,0.08%,0.07%,77,219,0.08%,0.03%,2.89,0.03%,0.00%,0,0.00%,0.00%,0.00,0.00%,0.00%,251,818,0.11%,52.60,0.07%
 ,,236,Town of Hillsboro,,,,,              ,21,0.00%,0.00%,0.12,0.00%,0.00%,5,762,0.01%,0.00%,0.41,0.00%,0.00%,0,0.00%,0.00%,0.00,0.00%,0.00%,5,783,0.00%,0.53,0.00%
 ,,237,Town of Hillsville,,,,,              ,8,449,0.01%,0.00%,18.09,0.03%,0.02%,78,072,0.08%,0.03%,10.83,0.11%,0.01%,0,0.00%,0.00%,0.00,0.00%,0.00%,86,521,0.04%,28.92,0.04%
 ,,239,Town of Honaker,,,,,              ,4,000,0.01%,0.00%,3.91,0.01%,0.01%,0,0.00%,0.00%,0.00,0.00%,0.00%,0,0.00%,0.00%,0.00,0.00%,0.00%,4,000,0.00%,3.91,0.01%
 ,,116,City of Hopewell,,,,,              ,118,382,0.18%,0.05%,117.64,0.19%,0.16%,128,500,0.14%,0.06%,10.57,0.11%,0.01%,112,755,0.17%,0.05%,3.30,0.30%,0.00%,359,637,0.16%,131.51,0.18%
 ,,331,Town of Hurt,,,,,              ,14,328,0.02%,0.01%,13.10,0.02%,0.02%,8,272,0.01%,0.00%,1.48,0.01%,0.00%,0,0.00%,0.00%,0.00,0.00%,0.00%,22,600,0.01%,14.58,0.02%
 ,,240,Town of Independence,,,,,              ,3,183,0.00%,0.00%,8.86,0.01%,0.01%,14,316,0.02%,0.01%,4.17,0.04%,0.01%,0,0.00%,0.00%,0.00,0.00%,0.00%,17,500,0.01%,13.03,0.02%
 ,,241,Town of Iron Gate,,,,,              ,1,290,0.00%,0.00%,3.68,0.01%,0.00%,5,639,0.01%,0.00%,0.88,0.01%,0.00%,0,0.00%,0.00%,0.00,0.00%,0.00%,6,929,0.00%,4.56,0.01%
 ,,242,Town of Irvington,,,,,              ,1,876,0.00%,0.00%,5.58,0.01%,0.01%,10,609,0.01%,0.00%,1.68,0.02%,0.00%,0,0.00%,0.00%,0.00,0.00%,0.00%,12,485,0.01%,7.26,0.01%
 ,,243,Town of Ivor,,,,,              ,2,423,0.00%,0.00%,3.53,0.01%,0.00%,13,935,0.02%,0.01%,1.29,0.01%,0.00%,0,0.00%,0.00%,0.00,0.00%,0.00%,16,359,0.01%,4.82,0.01%
 ,,244,Town of Jarratt,,,,,              ,2,351,0.00%,0.00%,7.61,0.01%,0.01%,2,666,0.00%,0.00%,1.48,0.01%,0.00%,0,0.00%,0.00%,0.00,0.00%,0.00%,5,017,0.00%,9.09,0.01%
 ,,245,Town of Jonesville,,,,,              ,3,745,0.01%,0.00%,8.13,0.01%,0.01%,12,315,0.01%,0.01%,2.32,0.02%,0.00%,0,0.00%,0.00%,0.00,0.00%,0.00%,16,060,0.01%,10.45,0.01%
 ,,246,Town of Keller,,,,,              ,503,0.00%,0.00%,2.07,0.00%,0.00%,14,558,0.02%,0.01%,1.29,0.01%,0.00%,0,0.00%,0.00%,0.00,0.00%,0.00%,15,061,0.01%,3.36,0.00%
 ,,247,Town of Kenbridge,,,,,              ,3,825,0.01%,0.00%,10.85,0.02%,0.01%,18,643,0.02%,0.01%,4.01,0.04%,0.01%,0,0.00%,0.00%,0.00,0.00%,0.00%,22,468,0.01%,14.86,0.02%
 ,,248,Town of Keysville,,,,,              ,1,426,0.00%,0.00%,6.28,0.01%,0.01%,8,724,0.01%,0.00%,3.18,0.03%,0.00%,0,0.00%,0.00%,0.00,0.00%,0.00%,10,150,0.00%,9.46,0.01%
 ,,249,Town of Kilmarnock,,,,,              ,10,850,0.02%,0.00%,11.30,0.02%,0.02%,36,319,0.04%,0.02%,4.26,0.04%,0.01%,0,0.00%,0.00%,0.00,0.00%,0.00%,47,169,0.02%,15.56,0.02%
 ,,250,Town of LaCrosse,,,,,              ,4,533,0.01%,0.00%,5.73,0.01%,0.01%,8,244,0.01%,0.00%,0.52,0.01%,0.00%,0,0.00%,0.00%,0.00,0.00%,0.00%,12,777,0.01%,6.25,0.01%
 ,,251,Town of Lawrenceville,,,,,              ,3,736,0.01%,0.00%,8.22,0.01%,0.01%,11,338,0.01%,0.01%,1.79,0.02%,0.00%,0,0.00%,0.00%,0.00,0.00%,0.00%,15,074,0.01%,10.01,0.01%
 ,,252,Town of Lebanon,,,,,              ,27,588,0.04%,0.01%,25.09,0.04%,0.03%,74,517,0.08%,0.03%,8.40,0.08%,0.01%,0,0.00%,0.00%,0.00,0.00%,0.00%,102,106,0.05%,33.49,0.05%
 ,,253,Town of Leesburg,,,,,              ,318,645,0.48%,0.14%,94.44,0.15%,0.13%,485,299,0.52%,0.22%,14.12,0.14%,0.02%,0,0.00%,0.00%,0.00,0.00%,0.00%,803,945,0.36%,108.56,0.15%
 ,,117,City of Lexington,,,,,              ,19,875,0.03%,0.01%,19.38,0.03%,0.03%,37,992,0.04%,0.02%,8.42,0.08%,0.01%,0,0.00%,0.00%,0.00,0.00%,0.00%,57,866,0.03%,27.80,0.04%
 ,,254,Town of Louisa,,,,,              ,4,431,0.01%,0.00%,7.05,0.01%,0.01%,23,941,0.03%,0.01%,3.18,0.03%,0.00%,0,0.00%,0.00%,0.00,0.00%,0.00%,28,371,0.01%,10.23,0.01%
 ,,255,Town of Lovettsville,,,,,              ,4,528,0.01%,0.00%,4.31,0.01%,0.01%,8,962,0.01%,0.00%,1.42,0.01%,0.00%,0,0.00%,0.00%,0.00,0.00%,0.00%,13,490,0.01%,5.73,0.01%
 ,,159,Town of Luray,,,,,              ,19,210,0.03%,0.01%,32.22,0.05%,0.04%,53,634,0.06%,0.02%,7.02,0.07%,0.01%,0,0.00%,0.00%,0.00,0.00%,0.00%,72,843,0.03%,39.24,0.05%
 ,,118,City of Lynchburg,,,,,              ,573,879,0.86%,0.26%,331.13,0.53%,0.45%,1,135,117,1.22%,0.50%,54.02,0.54%,0.07%,0,0.00%,0.00%,0.00,0.00%,0.00%,1,708,996,0.76%,385.15,0.52%
 ,,256,Town of Madison,,,,,              ,546,0.00%,0.00%,0.99,0.00%,0.00%,3,711,0.00%,0.00%,1.00,0.01%,0.00%,0,0.00%,0.00%,0.00,0.00%,0.00%,4,257,0.00%,1.99,0.00%
 ,,155,City of Manassas,,,,,              ,609,248,0.91%,0.27%,95.10,0.15%,0.13%,184,181,0.20%,0.08%,9.36,0.09%,0.01%,0,0.00%,0.00%,0.00,0.00%,0.00%,793,429,0.35%,104.46,0.14%
 ,,152,City of Manassas Park,,,,,              ,43,490,0.06%,0.02%,21.98,0.04%,0.03%,31,146,0.03%,0.01%,2.21,0.02%,0.00%,0,0.00%,0.00%,0.00,0.00%,0.00%,74,636,0.03%,24.19,0.03%
 ,,119,Town of Marion,,,,,              ,28,473,0.04%,0.01%,36.13,0.06%,0.05%,57,023,0.06%,0.03%,7.93,0.08%,0.01%,30,930,0.05%,0.01%,1.17,0.10%,0.00%,116,425,0.05%,45.23,0.06%
 ,,120,City of Martinsville,,,,,              ,135,162,0.20%,0.06%,88.37,0.14%,0.12%,127,823,0.14%,0.06%,11.64,0.12%,0.02%,0,0.00%,0.00%,0.00,0.00%,0.00%,262,985,0.12%,100.01,0.14%
 ,,257,Town of McKenney,,,,,              ,1,140,0.00%,0.00%,4.23,0.01%,0.01%,4,237,0.00%,0.00%,1.90,0.02%,0.00%,0,0.00%,0.00%,0.00,0.00%,0.00%,5,377,0.00%,6.13,0.01%
 ,,258,Town of Melfa,,,,,              ,1,325,0.00%,0.00%,3.97,0.01%,0.01%,15,680,0.02%,0.01%,0.87,0.01%,0.00%,0,0.00%,0.00%,0.00,0.00%,0.00%,17,005,0.01%,4.84,0.01%
 ,,259,Town of Middleburg,,,,,              ,3,070,0.00%,0.00%,4.47,0.01%,0.01%,13,032,0.01%,0.01%,1.26,0.01%,0.00%,0,0.00%,0.00%,0.00,0.00%,0.00%,16,102,0.01%,5.73,0.01%
 ,,260,Town of Middletown,,,,,              ,2,583,0.00%,0.00%,5.21,0.01%,0.01%,3,677,0.00%,0.00%,0.89,0.01%,0.00%,0,0.00%,0.00%,0.00,0.00%,0.00%,6,260,0.00%,6.10,0.01%
 ,,261,Town of Mineral,,,,,              ,2,476,0.00%,0.00%,7.12,0.01%,0.01%,6,343,0.01%,0.00%,1.20,0.01%,0.00%,0,0.00%,0.00%,0.00,0.00%,0.00%,8,819,0.00%,8.32,0.01%
 ,,262,Town of Monterey,,,,,              ,603,0.00%,0.00%,1.91,0.00%,0.00%,1,262,0.00%,0.00%,1.12,0.01%,0.00%,0,0.00%,0.00%,0.00,0.00%,0.00%,1,865,0.00%,3.03,0.00%
 ,,263,Town of Montross,,,,,              ,853,0.00%,0.00%,2.96,0.00%,0.00%,16,592,0.02%,0.01%,2.44,0.02%,0.00%,0,0.00%,0.00%,0.00,0.00%,0.00%,17,445,0.01%,5.40,0.01%
 ,,264,Town of Mount Crawford,,,,,              ,481,0.00%,0.00%,1.49,0.00%,0.00%,8,072,0.01%,0.00%,1.12,0.01%,0.00%,0,0.00%,0.00%,0.00,0.00%,0.00%,8,553,0.00%,2.61,0.00%
 ,,265,Town of Mount Jackson,,,,,              ,2,361,0.00%,0.00%,7.88,0.01%,0.01%,14,698,0.02%,0.01%,3.32,0.03%,0.00%,0,0.00%,0.00%,0.00,0.00%,0.00%,17,060,0.01%,11.20,0.02%
 ,,266,Town of Narrows,,,,,              ,5,039,0.01%,0.00%,15.95,0.03%,0.02%,23,326,0.03%,0.01%,3.54,0.04%,0.00%,0,0.00%,0.00%,0.00,0.00%,0.00%,28,365,0.01%,19.49,0.03%
 ,,267,Town of Nassawadox,,,,,              ,4,156,0.01%,0.00%,3.89,0.01%,0.01%,13,995,0.02%,0.01%,0.98,0.01%,0.00%,0,0.00%,0.00%,0.00,0.00%,0.00%,18,151,0.01%,4.87,0.01%
 ,,268,Town of New Castle,,,,,              ,1,623,0.00%,0.00%,1.55,0.00%,0.00%,1,377,0.00%,0.00%,0.79,0.01%,0.00%,0,0.00%,0.00%,0.00,0.00%,0.00%,3,000,0.00%,2.34,0.00%
 ,,269,Town of New Market,,,,,              ,4,516,0.01%,0.00%,8.13,0.01%,0.01%,18,074,0.02%,0.01%,4.77,0.05%,0.01%,29,294,0.05%,0.01%,0.85,0.08%,0.00%,51,884,0.02%,13.75,0.02%
 ,,121,City of Newport News,,,,,              ,1,017,914,1.52%,0.45%,534.62,0.85%,0.72%,1,698,897,1.83%,0.76%,66.20,0.66%,0.09%,1,591,984,2.45%,0.71%,18.29,1.64%,0.02%,4,308,795,1.92%,619.11,0.84%
 ,,270,Town of Newsoms,,,,,              ,3,589,0.01%,0.00%,4.25,0.01%,0.01%,0,0.00%,0.00%,0.00,0.00%,0.00%,0,0.00%,0.00%,0.00,0.00%,0.00%,3,589,0.00%,4.25,0.01%
 ,,271,Town of Nickelsville,,,,,              ,1,111,0.00%,0.00%,3.21,0.01%,0.00%,2,499,0.00%,0.00%,0.85,0.01%,0.00%,0,0.00%,0.00%,0.00,0.00%,0.00%,3,610,0.00%,4.06,0.01%
 ,,122,City of Norfolk,,,,,              ,976,771,1.46%,0.43%,774.78,1.23%,1.05%,2,186,653,2.36%,0.97%,90.56,0.91%,0.12%,2,760,873,4.24%,1.23%,24.23,2.17%,0.03%,5,924,298,2.64%,889.57,1.20%
 ,,146,City of Norton,,,,,              ,24,987,0.04%,0.01%,24.64,0.04%,0.03%,112,507,0.12%,0.05%,10.91,0.11%,0.01%,0,0.00%,0.00%,0.00,0.00%,0.00%,137,494,0.06%,35.55,0.05%
 ,,272,Town of Occoquan,,,,,              ,3,830,0.01%,0.00%,2.01,0.00%,0.00%,15,730,0.02%,0.01%,0.33,0.00%,0.00%,0,0.00%,0.00%,0.00,0.00%,0.00%,19,560,0.01%,2.34,0.00%
 ,,273,Town of Onancock,,,,,              ,5,522,0.01%,0.00%,8.21,0.01%,0.01%,8,428,0.01%,0.00%,1.72,0.02%,0.00%,0,0.00%,0.00%,0.00,0.00%,0.00%,13,950,0.01%,9.93,0.01%
 ,,274,Town of Onley,,,,,              ,3,709,0.01%,0.00%,6.29,0.01%,0.01%,30,485,0.03%,0.01%,2.79,0.03%,0.00%,0,0.00%,0.00%,0.00,0.00%,0.00%,34,193,0.02%,9.08,0.01%
 ,,275,Town of Orange,,,,,              ,21,257,0.03%,0.01%,22.47,0.04%,0.03%,60,615,0.07%,0.03%,5.67,0.06%,0.01%,0,0.00%,0.00%,0.00,0.00%,0.00%,81,872,0.04%,28.14,0.04%
 ,,276,Town of Painter,,,,,              ,1,284,0.00%,0.00%,3.44,0.01%,0.00%,16,229,0.02%,0.01%,1.54,0.02%,0.00%,0,0.00%,0.00%,0.00,0.00%,0.00%,17,513,0.01%,4.98,0.01%
 ,,277,Town of Pamplin City,,,,,              ,243,0.00%,0.00%,2.31,0.00%,0.00%,2,543,0.00%,0.00%,1.42,0.01%,0.00%,0,0.00%,0.00%,0.00,0.00%,0.00%,2,786,0.00%,3.73,0.01%
 ,,278,Town of Parksley,,,,,              ,2,887,0.00%,0.00%,6.90,0.01%,0.01%,3,429,0.00%,0.00%,1.06,0.01%,0.00%,0,0.00%,0.00%,0.00,0.00%,0.00%,6,315,0.00%,7.96,0.01%
 ,,279,Town of Pearisburg,,,,,              ,15,597,0.02%,0.01%,20.01,0.03%,0.03%,34,960,0.04%,0.02%,3.65,0.04%,0.00%,0,0.00%,0.00%,0.00,0.00%,0.00%,50,557,0.02%,23.66,0.03%
 ,,280,Town of Pembroke,,,,,              ,3,925,0.01%,0.00%,9.15,0.01%,0.01%,18,246,0.02%,0.01%,1.59,0.02%,0.00%,0,0.00%,0.00%,0.00,0.00%,0.00%,22,171,0.01%,10.74,0.01%
 ,,281,Town of Pennington Gap,,,,,              ,7,586,0.01%,0.00%,12.22,0.02%,0.02%,31,093,0.03%,0.01%,3.37,0.03%,0.00%,0,0.00%,0.00%,0.00,0.00%,0.00%,38,679,0.02%,15.59,0.02%
 ,,123,City of Petersburg,,,,,              ,253,235,0.38%,0.11%,171.57,0.27%,0.23%,266,701,0.29%,0.12%,33.81,0.34%,0.05%,483,967,0.74%,0.22%,9.67,0.86%,0.01%,1,003,903,0.45%,215.05,0.29%
 ,,282,Town of Phenix,,,,,              ,926,0.00%,0.00%,4.09,0.01%,0.01%,2,555,0.00%,0.00%,1.59,0.02%,0.00%,0,0.00%,0.00%,0.00,0.00%,0.00%,3,481,0.00%,5.68,0.01%
 ,,283,Town of Pocahontas,,,,,              ,1,952,0.00%,0.00%,2.23,0.00%,0.00%,451,0.00%,0.00%,0.25,0.00%,0.00%,0,0.00%,0.00%,0.00,0.00%,0.00%,2,403,0.00%,2.48,0.00%
 ,,147,City of Poquoson,,,,,              ,64,956,0.10%,0.03%,45.47,0.07%,0.06%,61,311,0.07%,0.03%,7.85,0.08%,0.01%,0,0.00%,0.00%,0.00,0.00%,0.00%,126,267,0.06%,53.32,0.07%
 ,,284,Town of Port Royal,,,,,              ,133,0.00%,0.00%,1.80,0.00%,0.00%,6,483,0.01%,0.00%,0.47,0.00%,0.00%,0,0.00%,0.00%,0.00,0.00%,0.00%,6,616,0.00%,2.27,0.00%
 ,,124,City of Portsmouth,,,,,              ,603,844,0.90%,0.27%,374.00,0.60%,0.51%,827,769,0.89%,0.37%,36.47,0.36%,0.05%,377,231,0.58%,0.17%,5.71,0.51%,0.01%,1,808,845,0.80%,416.18,0.56%
 ,,285,Town of Pound,,,,,              ,4,822,0.01%,0.00%,7.64,0.01%,0.01%,35,763,0.04%,0.02%,4.96,0.05%,0.01%,0,0.00%,0.00%,0.00,0.00%,0.00%,40,585,0.02%,12.60,0.02%
 ,,125,Town of Pulaski,,,,,              ,87,430,0.13%,0.04%,59.60,0.09%,0.08%,54,915,0.06%,0.02%,8.31,0.08%,0.01%,0,0.00%,0.00%,0.00,0.00%,0.00%,142,345,0.06%,67.91,0.09%
 ,,286,Town of Purcellville,,,,,              ,23,055,0.03%,0.01%,32.04,0.05%,0.04%,46,900,0.05%,0.02%,4.32,0.04%,0.01%,0,0.00%,0.00%,0.00,0.00%,0.00%,69,956,0.03%,36.36,0.05%
 ,,287,Town of Quantico,,,,,              ,3,910,0.01%,0.00%,1.37,0.00%,0.00%,0,0.00%,0.00%,0.00,0.00%,0.00%,0,0.00%,0.00%,0.00,0.00%,0.00%,3,910,0.00%,1.37,0.00%
 ,,126,City of Radford,,,,,              ,92,292,0.14%,0.04%,61.66,0.10%,0.08%,87,065,0.09%,0.04%,9.56,0.10%,0.01%,0,0.00%,0.00%,0.00,0.00%,0.00%,179,357,0.08%,71.22,0.10%
 ,,288,Town of Remington,,,,,              ,2,370,0.00%,0.00%,2.91,0.00%,0.00%,961,0.00%,0.00%,0.43,0.00%,0.00%,0,0.00%,0.00%,0.00,0.00%,0.00%,3,331,0.00%,3.34,0.00%
 ,,289,Town of Rich Creek,,,,,              ,3,251,0.00%,0.00%,6.59,0.01%,0.01%,18,026,0.02%,0.01%,2.13,0.02%,0.00%,0,0.00%,0.00%,0.00,0.00%,0.00%,21,277,0.01%,8.72,0.01%
 ,,148,Town of Richlands,,,,,              ,38,588,0.06%,0.02%,32.46,0.05%,0.04%,77,932,0.08%,0.03%,7.79,0.08%,0.01%,0,0.00%,0.00%,0.00,0.00%,0.00%,116,520,0.05%,40.25,0.05%
 ,,127,City of Richmond,,,,,              ,1,590,119,2.38%,0.71%,747.14,1.19%,1.01%,1,667,448,1.80%,0.74%,86.15,0.86%,0.12%,1,787,285,2.75%,0.80%,17.71,1.58%,0.02%,5,044,852,2.24%,851.00,1.15%
 ,,290,Town of Ridgeway,,,,,              ,1,885,0.00%,0.00%,5.11,0.01%,0.01%,26,876,0.03%,0.01%,3.22,0.03%,0.00%,0,0.00%,0.00%,0.00,0.00%,0.00%,28,761,0.01%,8.33,0.01%
 ,,128,City of Roanoke,,,,,              ,752,520,1.12%,0.33%,409.65,0.65%,0.55%,935,620,1.01%,0.42%,50.84,0.51%,0.07%,352,447,0.54%,0.16%,5.51,0.49%,0.01%,2,040,587,0.91%,466.00,0.63%
 ,,157,Town of Rocky Mount,,,,,              ,35,904,0.05%,0.02%,33.64,0.05%,0.05%,116,925,0.13%,0.05%,9.10,0.09%,0.01%,0,0.00%,0.00%,0.00,0.00%,0.00%,152,828,0.07%,42.74,0.06%
 ,,291,Town of Round Hill,,,,,              ,2,102,0.00%,0.00%,2.15,0.00%,0.00%,2,006,0.00%,0.00%,0.57,0.01%,0.00%,0,0.00%,0.00%,0.00,0.00%,0.00%,4,108,0.00%,2.72,0.00%
 ,,292,Town of Rural Retreat,,,,,              ,6,253,0.01%,0.00%,7.50,0.01%,0.01%,3,860,0.00%,0.00%,0.60,0.01%,0.00%,0,0.00%,0.00%,0.00,0.00%,0.00%,10,113,0.00%,8.10,0.01%
 ,,294,Town of Saint Paul,,,,,              ,5,001,0.01%,0.00%,7.62,0.01%,0.01%,17,281,0.02%,0.01%,2.50,0.03%,0.00%,0,0.00%,0.00%,0.00,0.00%,0.00%,22,281,0.01%,10.12,0.01%
 ,,129,City of Salem,,,,,              ,166,898,0.25%,0.07%,117.58,0.19%,0.16%,272,495,0.29%,0.12%,16.99,0.17%,0.02%,22,069,0.03%,0.01%,0.42,0.04%,0.00%,461,462,0.21%,134.99,0.18%
 ,,295,Town of Saltville,,,,,              ,21,990,0.03%,0.01%,16.79,0.03%,0.02%,23,261,0.03%,0.01%,6.55,0.07%,0.01%,0,0.00%,0.00%,0.00,0.00%,0.00%,45,252,0.02%,23.34,0.03%
 ,,296,Town of Saxis,,,,,              ,229,0.00%,0.00%,2.13,0.00%,0.00%,0,0.00%,0.00%,0.00,0.00%,0.00%,0,0.00%,0.00%,0.00,0.00%,0.00%,229,0.00%,2.13,0.00%
 ,,297,Town of Scottsburg,,,,,              ,435,0.00%,0.00%,1.27,0.00%,0.00%,1,202,0.00%,0.00%,1.17,0.01%,0.00%,0,0.00%,0.00%,0.00,0.00%,0.00%,1,637,0.00%,2.44,0.00%
 ,,298,Town of Scottsville,,,,,              ,779,0.00%,0.00%,1.83,0.00%,0.00%,5,448,0.01%,0.00%,1.07,0.01%,0.00%,0,0.00%,0.00%,0.00,0.00%,0.00%,6,227,0.00%,2.90,0.00%
 ,,299,Town of Shenandoah,,,,,              ,6,855,0.01%,0.00%,11.87,0.02%,0.02%,12,760,0.01%,0.01%,1.87,0.02%,0.00%,0,0.00%,0.00%,0.00,0.00%,0.00%,19,614,0.01%,13.74,0.02%
 ,,300,Town of Smithfield,,,,,              ,58,951,0.09%,0.03%,47.11,0.08%,0.06%,125,337,0.14%,0.06%,10.53,0.11%,0.01%,0,0.00%,0.00%,0.00,0.00%,0.00%,184,288,0.08%,57.64,0.08%
 ,,130,Town of South Boston,,,,,              ,36,922,0.06%,0.02%,54.89,0.09%,0.07%,99,728,0.11%,0.04%,10.11,0.10%,0.01%,0,0.00%,0.00%,0.00,0.00%,0.00%,136,650,0.06%,65.00,0.09%
 ,,301,Town of South Hill,,,,,              ,30,271,0.05%,0.01%,37.83,0.06%,0.05%,70,460,0.08%,0.03%,9.27,0.09%,0.01%,63,260,0.10%,0.03%,3.31,0.30%,0.00%,163,990,0.07%,50.41,0.07%
 ,,293,Town of St. Charles,,,,,              ,484,0.00%,0.00%,0.67,0.00%,0.00%,608,0.00%,0.00%,0.27,0.00%,0.00%,0,0.00%,0.00%,0.00,0.00%,0.00%,1,092,0.00%,0.94,0.00%
 ,,302,Town of Stanardsville,,,,,              ,991,0.00%,0.00%,1.16,0.00%,0.00%,3,343,0.00%,0.00%,0.96,0.01%,0.00%,0,0.00%,0.00%,0.00,0.00%,0.00%,4,333,0.00%,2.12,0.00%
 ,,303,Town of Stanley,,,,,              ,6,324,0.01%,0.00%,5.95,0.01%,0.01%,10,508,0.01%,0.00%,2.08,0.02%,0.00%,0,0.00%,0.00%,0.00,0.00%,0.00%,16,833,0.01%,8.03,0.01%
 ,,132,City of Staunton,,,,,              ,105,509,0.16%,0.05%,109.32,0.17%,0.15%,261,531,0.28%,0.12%,30.38,0.30%,0.04%,0,0.00%,0.00%,0.00,0.00%,0.00%,367,040,0.16%,139.70,0.19%
 ,,304,Town of Stephens City,,,,,              ,3,545,0.01%,0.00%,5.78,0.01%,0.01%,9,026,0.01%,0.00%,1.18,0.01%,0.00%,4,613,0.01%,0.00%,0.10,0.01%,0.00%,17,185,0.01%,7.06,0.01%
 ,,305,Town of Stony Creek,,,,,              ,1,140,0.00%,0.00%,3.98,0.01%,0.01%,749,0.00%,0.00%,0.98,0.01%,0.00%,3,018,0.00%,0.00%,0.09,0.01%,0.00%,4,907,0.00%,5.05,0.01%
 ,,306,Town of Strasburg,,,,,              ,11,435,0.02%,0.01%,21.72,0.03%,0.03%,28,262,0.03%,0.01%,3.53,0.04%,0.00%,0,0.00%,0.00%,0.00,0.00%,0.00%,39,697,0.02%,25.25,0.03%
 ,,307,Town of Stuart,,,,,              ,7,210,0.01%,0.00%,6.65,0.01%,0.01%,7,692,0.01%,0.00%,1.99,0.02%,0.00%,0,0.00%,0.00%,0.00,0.00%,0.00%,14,902,0.01%,8.64,0.01%
 ,,133,City of Suffolk,,,,,              ,475,107,0.71%,0.21%,607.91,0.97%,0.82%,1,951,877,2.10%,0.87%,124.67,1.25%,0.17%,324,217,0.50%,0.14%,5.63,0.50%,0.01%,2,751,201,1.22%,738.21,1.00%
 ,,308,Town of Surry,,,,,              ,1,340,0.00%,0.00%,1.97,0.00%,0.00%,7,634,0.01%,0.00%,1.70,0.02%,0.00%,0,0.00%,0.00%,0.00,0.00%,0.00%,8,974,0.00%,3.67,0.00%
 ,,309,Town of Tangier,,,,,              ,2,092,0.00%,0.00%,3.88,0.01%,0.01%,0,0.00%,0.00%,0.00,0.00%,0.00%,0,0.00%,0.00%,0.00,0.00%,0.00%,2,092,0.00%,3.88,0.01%
 ,,310,Town of Tappahannock,,,,,              ,15,623,0.02%,0.01%,15.70,0.03%,0.02%,59,635,0.06%,0.03%,3.11,0.03%,0.00%,0,0.00%,0.00%,0.00,0.00%,0.00%,75,258,0.03%,18.81,0.03%
 ,,158,Town of Tazewell,,,,,              ,6,893,0.01%,0.00%,15.94,0.03%,0.02%,78,026,0.08%,0.03%,13.35,0.13%,0.02%,0,0.00%,0.00%,0.00,0.00%,0.00%,84,919,0.04%,29.29,0.04%
 ,,311,Town of The Plains,,,,,              ,1,257,0.00%,0.00%,1.10,0.00%,0.00%,2,302,0.00%,0.00%,0.81,0.01%,0.00%,0,0.00%,0.00%,0.00,0.00%,0.00%,3,558,0.00%,1.91,0.00%
 ,,312,Town of Timberville,,,,,              ,6,557,0.01%,0.00%,8.41,0.01%,0.01%,11,288,0.01%,0.01%,1.96,0.02%,0.00%,0,0.00%,0.00%,0.00,0.00%,0.00%,17,844,0.01%,10.37,0.01%
 ,,313,Town of Toms Brook,,,,,              ,63,0.00%,0.00%,0.26,0.00%,0.00%,5,335,0.01%,0.00%,0.73,0.01%,0.00%,0,0.00%,0.00%,0.00,0.00%,0.00%,5,398,0.00%,0.99,0.00%
 ,,314,Town of Troutdale,,,,,              ,645,0.00%,0.00%,2.76,0.00%,0.00%,2,342,0.00%,0.00%,2.26,0.02%,0.00%,0,0.00%,0.00%,0.00,0.00%,0.00%,2,987,0.00%,5.02,0.01%
 ,,315,Town of Troutville,,,,,              ,1,509,0.00%,0.00%,2.29,0.00%,0.00%,14,236,0.02%,0.01%,1.85,0.02%,0.00%,0,0.00%,0.00%,0.00,0.00%,0.00%,15,745,0.01%,4.14,0.01%
 ,,316,Town of Urbanna,,,,,              ,1,348,0.00%,0.00%,4.13,0.01%,0.01%,2,498,0.00%,0.00%,0.63,0.01%,0.00%,0,0.00%,0.00%,0.00,0.00%,0.00%,3,845,0.00%,4.76,0.01%
 ,,317,Town of Victoria,,,,,              ,6,386,0.01%,0.00%,22.27,0.04%,0.03%,12,283,0.01%,0.01%,3.07,0.03%,0.00%,0,0.00%,0.00%,0.00,0.00%,0.00%,18,669,0.01%,25.34,0.03%
 ,,153,Town of Vienna,,,,,              ,178,351,0.27%,0.08%,62.41,0.10%,0.08%,108,500,0.12%,0.05%,2.98,0.03%,0.00%,43,182,0.07%,0.02%,0.25,0.02%,0.00%,330,033,0.15%,65.64,0.09%
 ,,149,Town of Vinton,,,,,              ,88,589,0.13%,0.04%,37.84,0.06%,0.05%,51,733,0.06%,0.02%,2.23,0.02%,0.00%,0,0.00%,0.00%,0.00,0.00%,0.00%,140,322,0.06%,40.07,0.05%
 ,,318,Town of Virgilina,,,,,              ,638,0.00%,0.00%,2.72,0.00%,0.00%,1,336,0.00%,0.00%,1.19,0.01%,0.00%,0,0.00%,0.00%,0.00,0.00%,0.00%,1,974,0.00%,3.91,0.01%
 ,,134,City of Virginia Beach,,,,,              ,4,248,782,6.35%,1.89%,1,414.45,2.25%,1.91%,2,303,555,2.48%,1.02%,83.71,0.84%,0.11%,1,824,145,2.80%,0.81%,14.37,1.28%,0.02%,8,376,482,3.73%,1,512.53,2.05%
 ,,319,Town of Wachapreague,,,,,              ,495,0.00%,0.00%,3.35,0.01%,0.00%,441,0.00%,0.00%,0.83,0.01%,0.00%,0,0.00%,0.00%,0.00,0.00%,0.00%,937,0.00%,4.18,0.01%
 ,,320,Town of Wakefield,,,,,              ,3,673,0.01%,0.00%,7.62,0.01%,0.01%,11,587,0.01%,0.01%,1.50,0.02%,0.00%,0,0.00%,0.00%,0.00,0.00%,0.00%,15,260,0.01%,9.12,0.01%
 ,,156,Town of Warrenton,,,,,              ,79,245,0.12%,0.04%,32.65,0.05%,0.04%,167,080,0.18%,0.07%,9.95,0.10%,0.01%,0,0.00%,0.00%,0.00,0.00%,0.00%,246,325,0.11%,42.60,0.06%
 ,,321,Town of Warsaw,,,,,              ,2,659,0.00%,0.00%,8.70,0.01%,0.01%,51,198,0.06%,0.02%,4.25,0.04%,0.01%,0,0.00%,0.00%,0.00,0.00%,0.00%,53,858,0.02%,12.95,0.02%
 ,,322,Town of Washington,,,,,              ,818,0.00%,0.00%,1.71,0.00%,0.00%,897,0.00%,0.00%,0.65,0.01%,0.00%,0,0.00%,0.00%,0.00,0.00%,0.00%,1,715,0.00%,2.36,0.00%
 ,,323,Town of Waverly,,,,,              ,5,116,0.01%,0.00%,13.73,0.02%,0.02%,24,376,0.03%,0.01%,4.54,0.05%,0.01%,0,0.00%,0.00%,0.00,0.00%,0.00%,29,492,0.01%,18.27,0.02%
 ,,136,City of Waynesboro,,,,,              ,140,677,0.21%,0.06%,99.97,0.16%,0.14%,147,656,0.16%,0.07%,13.49,0.14%,0.02%,100,058,0.15%,0.04%,2.88,0.26%,0.00%,388,391,0.17%,116.34,0.16%
 ,,324,Town of Weber City,,,,,              ,3,331,0.00%,0.00%,7.17,0.01%,0.01%,50,314,0.05%,0.02%,2.28,0.02%,0.00%,0,0.00%,0.00%,0.00,0.00%,0.00%,53,645,0.02%,9.45,0.01%
 ,,325,Town of West Point,,,,,              ,13,640,0.02%,0.01%,24.03,0.04%,0.03%,21,764,0.02%,0.01%,4.06,0.04%,0.01%,0,0.00%,0.00%,0.00,0.00%,0.00%,35,404,0.02%,28.09,0.04%
 ,,327,Town of White Stone,,,,,              ,2,846,0.00%,0.00%,4.02,0.01%,0.01%,9,538,0.01%,0.00%,1.19,0.01%,0.00%,0,0.00%,0.00%,0.00,0.00%,0.00%,12,383,0.01%,5.21,0.01%
 ,,137,City of Williamsburg,,,,,              ,91,399,0.14%,0.04%,38.28,0.06%,0.05%,161,213,0.17%,0.07%,20.49,0.21%,0.03%,0,0.00%,0.00%,0.00,0.00%,0.00%,252,612,0.11%,58.77,0.08%
 ,,138,City of Winchester,,,,,              ,225,320,0.34%,0.10%,84.32,0.13%,0.11%,141,632,0.15%,0.06%,12.34,0.12%,0.02%,4,092,0.01%,0.00%,0.07,0.01%,0.00%,371,044,0.17%,96.73,0.13%
 ,,328,Town of Windsor,,,,,              ,5,790,0.01%,0.00%,7.53,0.01%,0.01%,20,480,0.02%,0.01%,1.70,0.02%,0.00%,0,0.00%,0.00%,0.00,0.00%,0.00%,26,271,0.01%,9.23,0.01%
 ,,329,Town of Wise,,,,,              ,31,639,0.05%,0.01%,14.63,0.02%,0.02%,53,576,0.06%,0.02%,3.96,0.04%,0.01%,0,0.00%,0.00%,0.00,0.00%,0.00%,85,215,0.04%,18.59,0.03%
 ,,330,Town of Woodstock,,,,,              ,16,316,0.02%,0.01%,28.63,0.05%,0.04%,41,847,0.05%,0.02%,3.62,0.04%,0.00%,77,504,0.12%,0.03%,1.79,0.16%,0.00%,135,667,0.06%,34.04,0.05%
 ,,139,Town of Wytheville,,,,,              ,68,491,0.10%,0.03%,75.91,0.12%,0.10%,71,974,0.08%,0.03%,13.52,0.14%,0.02%,220,433,0.34%,0.10%,6.90,0.62%,0.01%,360,898,0.16%,96.33,0.13%
,,,,,,,,,66,940,623,100.00%,29.78%,62,792.22,100.00%,84.97%,92,811,377,100.00%,41.29%,9,991.84,100.00%,13.52%,65,052,000,100.00%,28.94%,1,118.53,100.00%,1.51%,224,804,000,100.00%,73,902.59,100.00%
,,,,,,,,,,,,,,,,,,,,,,,,,,,,,,
,,,,,,,,,,,,,,,,,,,,,,,,,,,,,,
,,,,,,,,,,,,,,,,,,,,,,,,,,,,,,
"'Secondary' includes those routes in the VDOT secondary system,  (unnumbered) routes maintained by Arlington and Henrico Counties and unnumbered routes maintained by cities and towns.",,,,,,,,,,,,,,,,,,,,,,,,,,,,,,
"'Primary' includes those routes designated as 'US', 'SR' (Virginia State Route) and Frontage Roads.",,,,,,,,,,,,,,,,,,,,,,,,,,,,,,
"'Primary' also includes the named federal parkways (George Washington Pkwy, Colonial Pkwy, Blue Ridge Pkwy, Skyline Drive) and the Dulles Access road.",,,,,,,,,,,,,,,,,,,,,,,,,,,,,,
'Interstate' includes those routes in the Interstate System.,,,,,,,,,,,,,,,,,,,,,,,,,,,,,,
Road Length values are a reasonable copy of centerline road length values maintained by VDOT Asset Management Division using HTRIS road inventory with input from the Local Assistance Division.,,,,,,,,,,,,,,,,,,,,,,,,,,,,,,
Rounding errors may occur resulting in minor variances in totals.,,,,,,,,,,,,,,,,,,,,,,,,,,,,,,
,,,,,,,,,,,,,,,,,,,,,,,,,,,,,,
ReportID:,1200,DataYear:,2008,,ReportID:,1200,DataYear:,2008,,ReportID:,1200,DataYear:,2008,,ReportID:,1200,DataYear:,2008,,ReportID:,1200,DataYear:,2008,,ReportID:,1200,DataYear:,2008,Prepared,7/13/2009
